tweetid,user,content,date,lang,value
7.68E+17,71463624,"— ¿Nivel de inglés? — Alto. — Traduzca juguete. — Toy. — Úselo en una oración. — Toy triste. — Awww, vengache pa' acá. —",Mon Aug 22 20:15:33 +0000 2016,es,NEU
7.72E+17,572924309,"Si soy de área 4 y con suerte pase mate IV y mate V ¿por que me ponen al profe qlero que es mega difícil pasar con el, en mi último año?",Sun Sep 04 17:29:43 +0000 2016,es,N
7.72E+17,158142748,Sabían que su after fav Teatro G. fue construido para mi y un día de estos (hoy) les voy a dar el placer de que me vean ahí metido !!,Sat Sep 03 00:46:12 +0000 2016,es,P
7.72E+17,132254421,"Y hoy por primera vez me salí con el permiso de mi mujer pero no es eso el detalle, si no saber q estarán a mi lado y q llegaré a casa",Sat Sep 03 05:48:34 +0000 2016,es,P
7.75E+17,105530236,"¿Para qué hacen coraje con Ambriz?, al final no lo van a correr y saldrá con su típica frase: ""La culpa es mía, no de los jugadores""",Sat Sep 10 22:49:36 +0000 2016,es,N
7.74E+17,153941006,- Yo Mamá por qué nunca en dejaste disfrutar mi juventud? Ya tengo 30 - Mamá Felipe llegabas borracho a los 17 años - Yo Ayñ mamá!!,Wed Sep 07 21:30:42 +0000 2016,es,N
7.74E+17,439622331,Eso de no poder dormir y despertar en la madrugada se está volviendo muy recurrente y no está padre!! >.; yo no era así.,Fri Sep 09 15:32:19 +0000 2016,es,N
7.73E+17,124661577,#¿NOMBRE?,Tue Sep 06 08:58:40 +0000 2016,es,N
7.69E+17,143502210,"Lejos, lejos, muy lejos...manejar hasta acá esta padre! Algo diferente q mal q ya no está la feria del caballo pq si no, me quedaba jaja!",Fri Aug 26 18:04:17 +0000 2016,es,NEU
7.69E+17,3021645558,"Y fue como ""¿Viste cuantos akatsukis salen?"", ""¿Y Gaara?"", ""¿Y el imbécil de Sasuke?"". Fue como el TODO ese primer episiodio",Sat Aug 27 04:42:44 +0000 2016,es,N
7.57E+17,65789674,"Mi vida es un eterno dilema entre ""mejor me duermo y mañana termino"" e ""'ingue su, me vo'a desvelar hasta morir y lo acabo de una vez"".",Sun Jul 24 07:17:10 +0000 2016,es,N
7.57E+17,288870836,"Iba a ir a dash pero mis 3 cortadas, mi color de piel (color langosta) y mis 5 horas de sueño en 2 días, no me lo permitieron.",Mon Jul 25 04:11:38 +0000 2016,es,N
7.57E+17,1110399944,"¿Cómo que no voy a ver a Sputnik, tampoco me voy a ir a aguascalientes, los Rebel ya tocaron y a Little va mi ex? Y los boletos de la WWE",Sun Jul 24 03:08:52 +0000 2016,es,N
7.56E+17,174736872,"Buen dia! Elige q cada uno de tus dias sea un milagro! que su dia este lleno de armonia, luz, amor y buenas vibras! Yo elijo ser feliz!",Wed Jul 20 18:31:56 +0000 2016,es,P
7.63E+17,200770912,"21 medallas de oro de Phelps, eso que?, La seleccion mexicana de fut ganaron 23 hace 4 años! Ah QUEEE??? Nadamás vale por una? Avisenme!",Wed Aug 10 04:17:34 +0000 2016,es,N
7.55E+17,270230248,"-El de los tacos me dijo: "" Y la güera, joven? "" -Le dije que ya eras piña de otro taco, que ya otra salsa te enchilaba la carne.",Tue Jul 19 03:39:50 +0000 2016,es,N
7.58E+17,53147384,"Traigo desde hace 2 horas una pinche basurita en el ojo y nomás no se me quita. Ya me fuí a lavar, ya me soplaron, ya todo y ahí sigue.",Wed Jul 27 19:48:43 +0000 2016,es,N
7.59E+17,278193639,"Personas que dicen que el 29 de julio sera el fin, lo que no saben es que se acercan dos fin, el fin del mes y el fin de semana Buen día",Thu Jul 28 21:41:19 +0000 2016,es,NEU
7.66E+17,117338985,"@gvlo2008 de hecho le di a ""Alejandra Zavala"", me fui con la finta de ""Alejandra"" y no leí el apellido, pensé que era la de Tiro con Arco",Thu Aug 18 22:50:23 +0000 2016,es,N
7.67E+17,185477131,"Dios me ha sorprendido en esta semana,una caja de cafe,cosas de la tesis,vienen cosas mejores ya sige lo de mi maestría,y una ELLA,jajaja",Sat Aug 20 05:07:55 +0000 2016,es,P
7.61E+17,359677864,"Te bloquee Crea cuentas huevo y solito se sigue y dá RT, porque ya no le creen sus fans. Ah qué mi paisano, ni me interesa su amistad.",Thu Aug 04 03:06:17 +0000 2016,es,N
7.62E+17,92312415,"—Un café por favor. —El café, ¿lo va a querer solo? —No, sí quieres siéntate aquí a mi lado y me cuentas toda tu puta vida. — Ay",Sun Aug 07 00:10:56 +0000 2016,es,N
7.59E+17,425364197,"La única ""persona"" a la que le cuento mis cosas es un niño de 5 años, no me critica, solo me escucha y lo mejor es que entiende un poco",Sat Jul 30 02:08:21 +0000 2016,es,N
7.78E+17,7.04E+17,"Lo bueno, Después de dos meses por fin un domingo libre a disfrutar. Lo malo, falte al hospital por resaca, ya no lo vuelvo a hacer",Sun Sep 18 19:31:40 +0000 2016,es,NEU
7.79E+17,7.28E+17,"Que triste, es el primer dibujo que quiero que vea, que de verdad me gustó, en el cual me esforcé más que en otros, y no creo que lo vea",Thu Sep 22 02:43:19 +0000 2016,es,N
7.78E+17,120585892,"Listo, por fin en casa, a dormir 4 horas nomás. Gracias a Dios mis papás están bien y les está yendo chingón. Ahora yo, a chingarle salu2",Tue Sep 20 06:56:51 +0000 2016,es,P
7.83E+17,180597062,"Hay un niñ junto a mí jugando a preguntarse ""¿eres o te haces?"". Saben que la respuesta correcta es ""soy"". Nada mal, nada mal.",Tue Oct 04 21:55:11 +0000 2016,es,P
7.83E+17,136406594,"Estoy en el ""Taco loco""venden más sopas,carnes, bebidas que tacos solo hay de bistec, pastor y chorizo. ¿Que clase de taco loco es esto?",Tue Oct 04 00:11:54 +0000 2016,es,N
7.83E+17,82982951,"Pues yo leo que a muchos ""Luke Cage"" les ha parecido malita. Pero uno ve y tiene un 8.2 de promedio en RT. Al menos abre al debate",Sun Oct 02 23:22:03 +0000 2016,es,N
7.82E+17,149381742,"Ni cigarros, ni galletas, ni caldo de camarón, ni michelada, ni papas a la francesa ... Qué clase de vida es esta??!!!",Fri Sep 30 03:10:24 +0000 2016,es,N
7.82E+17,149257664,Porque the City? alcohol adulterado y exceso de gente. Es pesimo! He ido 2 veces y las dos me la pase del asco. No quiero ir otra vez,Sat Oct 01 20:53:45 +0000 2016,es,N
7.83E+17,58381366,Me falta 12.32% para acabarme Just Cause 2. Este si es juego y no mamadas de Yirs ni FIFA papi. Ojalá tuviera Just Cause 1 en el xbox,Sun Oct 02 17:05:28 +0000 2016,es,P
7.76E+17,196364058,"#SiQueríacontigoPero te mama YURI , LA TREVI , ANAHI , LAS JEANS!! ... Te enchilas si se meten con BRITNEY. No pues mejor así, COMO!!?",Tue Sep 13 02:44:04 +0000 2016,es,N
7.76E+17,3257083686,"Lo bueno que el ojete fui yo y que lo unico que me pese es no haberte dejado antes y calleras, pero no te deseo el mal n.n. Ya no más.",Tue Sep 13 22:42:42 +0000 2016,es,N
7.77E+17,212983893,"Qué feo ha de ser que tu novi@ se vaya de viajey tu estes de que: me muero por que regreses, ya no puedo vivir asi y esas cosas, apoyalo",Fri Sep 16 18:11:09 +0000 2016,es,N
7.74E+17,162108002,Yo - oye no aventamos 3 palitos al hilo Ella - ya se. Oye años de na mas 1; eres un tigre... A mi distinción erectil le gusta esto...,Sat Sep 10 06:40:24 +0000 2016,es,NEU
7.87E+17,74078996,"Y me ha pasado con Carlos, Roberto, y una larga lista de amigos con los que la gente cree que me revuelco. Pero no, porque soy una ñoña",Thu Oct 13 14:53:40 +0000 2016,es,NEU
7.88E+17,204636205,"Papá: vamos al beis Hijos: SIIII Mamá: no, vamos al cine Papá: al cabo que ni ganas de ir al beis tenia, que función quieres? Hijos:",Mon Oct 17 00:27:38 +0000 2016,es,NONE
7.89E+17,613166772,Haré un libro que se llame: las mil y un millón de formas de cagarla. Obvio para que no hagan todo lo que yo hago y así tengan éxito.,Wed Oct 19 05:36:32 +0000 2016,es,N
7.88E+17,2781372902,"@Samm_Bntz Bebé, no sé si sea error de dedo cuando ando de chismosa o es que a Leos y a ti, no los quieren en mi lista de amigos en insta",Tue Oct 18 05:17:40 +0000 2016,es,N
7.89E+17,141387988,Uju!!! A estas tempranas horas de la noche ya sólo me falta leer como 70 mensajes de whats que chido que me gusta Leer verdad!! (n.n)!,Thu Oct 20 04:22:52 +0000 2016,es,P
7.89E+17,75901295,"@zommix no, que pendejada, ya se pelearon y ya se contentaron, y ahora la mamá ya le leyó la cartilla al guero, ya no lo va a dejar verla",Wed Oct 19 03:40:05 +0000 2016,es,N
7.88E+17,130054915,"@esgarrTAM ¡Gracias a ustedes! en verdad siempre se lucen en sus conciertos, nos hicieron muy felices miles de besos y abrazos",Tue Oct 18 21:29:48 +0000 2016,es,P
7.89E+17,326984188,"@IslaReality #IslaRevancha, Ferka, era por Tony, Ivonne,Rafa,Delia, y Uds, 5 votos Vs él, no por Delia, siempre hay qué ir, más fuerte",Fri Oct 21 02:51:47 +0000 2016,es,NEU
7.95E+17,3957310816,(6:30 am) -Viridiana dónde estás? No piensas llegar! No tienes llenadera!- Yo: mamá estoy dormida en mi cuarto Mamá: Ah sí ya te vi,Fri Nov 04 14:56:38 +0000 2016,es,P
7.94E+17,126814831,"O sea no es que sea mal pedo , pero si uno no puede venir a tomar a su casa con amigos pues los demás tampoco se quedaron sin fiesta. Ups",Wed Nov 02 02:55:19 +0000 2016,es,N
7.94E+17,177848100,"Me enoja que otros me tiren la onda, que me inviten a salir, que se porten buena onda y que el que me gusta ni un pinche hola.",Tue Nov 01 19:46:54 +0000 2016,es,N
7.96E+17,73259662,"Pues yo digo que todos aquí son felices, cada que les pregunto como están dicen: ""Bien"" en vez de ""De La Verga"" Para mí es suficiente",Mon Nov 07 22:49:35 +0000 2016,es,N
7.94E+17,174668615,"""No hagan caso de nada de lo que diga Brenda, está tomando Tkt roja desde la 1 pm"" ""y Budweiser desde las 6pm"" atte. Sonia.",Thu Nov 03 03:25:56 +0000 2016,es,N
7.94E+17,206546438,"Les juro, estoy solita en mi casa y no sé si es sugestión, bajé al cuarto de Lim a dormir y ya me arropé, sólo pido que ya vuelva",Wed Nov 02 08:20:28 +0000 2016,es,N
7.90E+17,88095308,"Hoy reafirme que soy un adulto y no. 1. No necesito pedir permiso a nadie para ir a algún lugar. 2. Me sigue dando miedo ""It""",Sun Oct 23 21:37:22 +0000 2016,es,N
7.90E+17,137837841,@MayezPalacios No mames! No son fieles ni a su propia raza!!! Ya no sé que esperar lo malo es que tengo una coneja y es igual. Complot,Sun Oct 23 23:10:46 +0000 2016,es,N
7.92E+17,78899898,"Buenos días!!! No te enojes. Recuerda que la gente no te hace cosas, la gente hace cosas y tú decides si te afectan o no... Besitos",Thu Oct 27 11:59:30 +0000 2016,es,P
7.91E+17,600384544,"Es que, quizá, el miedo al amor, nos hace estar con las personas incorrectas, pero ""seguros"". Esta noche me duermo con un sabor amargo.",Thu Oct 27 02:01:03 +0000 2016,es,N
7.87E+17,727515415,Ya me cansé de ver los juegos de la #LMB que se terminen muy noche.. piensan que uno no va a trabajar al día siguiente. O que pedo???,Fri Oct 14 04:08:57 +0000 2016,es,N
7.86E+17,97151651,"Oigan no, no nos hagan eso a las locas, madrugar no es pa nosotras. Así que, cadena de oración pa que pueda dormir aunque sea 3 horas.",Tue Oct 11 04:08:24 +0000 2016,es,N
7.87E+17,53147384,Ayer fue cumpleaños del amor de mi vida que ya no está en mi vida pero que fue y será un buen amor en mi vida. Ojalá la haya pasado feliz,Fri Oct 14 18:14:18 +0000 2016,es,P
7.87E+17,67438137,Me dijo : ¿ Y no crees que te esta cayendo mal esa terapia ? Yo no veo cambios y antes no te ponías asi!? Lo hacias y ya! Jajajaja,Fri Oct 14 18:00:30 +0000 2016,es,N
7.87E+17,36534270,"Igual y estoy mal yo, pero con lo del tiburón que se mete a la jaula, ¿Soy el único que le preocupa que se lastimó, se ve que se cortó!",Sat Oct 15 01:19:42 +0000 2016,es,N
7.93E+17,400782421,"Ayer un canadiense me preguntó que a que hora abrían el local de arriba, le dije que a las 10, eran las 10:10 y él dijo ""oh, mexican 10""",Sun Oct 30 19:41:38 +0000 2016,es,N
7.92E+17,23728125,"Pero ya siendo serios les respondo algo así como: ""Fanon, F. (1965). Los condenados de la tierra. México: Fondo de Cultura Económica.""",Fri Oct 28 22:37:19 +0000 2016,es,NONE
7.93E+17,552170864,"Es taaaaaan triste que teoría de juegos este en mi plan de estudios en la UAM, pero no en el campus al que voy a licitar en España.",Mon Oct 31 01:52:45 +0000 2016,es,N
7.88E+17,3161914988,"Hoy por fin no cene comida de la calle, hoy fuimos a walmart y comprams para que yo le hiciera de cenar, dsps de toda la semana cenar mal",Mon Oct 17 05:15:12 +0000 2016,es,P
7.96E+17,1053603528,"No ire a la facu porque esta muy feo el clima no hay taxis, Uber, mi mama no me quiere llevar, no me quiero mojar, pues me duermo",Tue Nov 08 12:26:28 +0000 2016,es,N
7.97E+17,40161896,Y desperté y me fui llorando con mi mamá. Desperté en el sueño como unas 5 veces. Nunca había batallado tanto. Me muero si me pasa sola,Sat Nov 12 17:57:32 +0000 2016,es,N
7.99E+17,77513905,"@GaCaela ya sé. No te vi en ésta, pero me contaron de ""la modelo se paseó desnuda como si nada"", y pensé en tu primera vez toda nerviosa",Thu Nov 17 15:12:08 +0000 2016,es,NEU
8.00E+17,238559517,"@weexmx Un mes esperando mi chip 4G, no llego y me piden que de otra dirección con razón desconocida, voy al 7 eleven por un chip, no hay",Sat Nov 19 22:23:10 +0000 2016,es,N
8.00E+17,230062235,"@Dianybony jajajaja claro que no amor!! te amo mucho, ya te estoy esperando en el aeropuerto!!!! Ya sal, que te quiero veeeer!!",Sat Nov 19 16:06:14 +0000 2016,es,P
8.00E+17,58923351,"Hablar con mi amiga Sheli y me cuenta que anda viajando, de fiesta , que la uni se la suda... Me hace sentir bien y que yo soy feliz",Sat Nov 19 21:22:35 +0000 2016,es,P
8.00E+17,42174200,"@Extranjerodm exacto, la foto la tomé en la rueda de prensa, pues yo fui al que Fey subio y difundo mis fotos como ""esto es lo que hago""",Sun Nov 20 03:03:49 +0000 2016,es,P
8.00E+17,114100093,#¿NOMBRE?,Sat Nov 19 18:50:09 +0000 2016,es,N
8.00E+17,4916374994,"En 15 minutos, subiré un nuevo video a mi canal de youtube, es un pequeño regalo para que se lo empiecen a pasar de agasajo este viernes!",Fri Nov 18 22:35:22 +0000 2016,es,P
7.99E+17,78899898,"Días!!! No tengas miedo de vivir, rómpete el corazón y el alma, que la vida se nos da no para regresarla intacta, sino vivida... Besitos",Tue Nov 15 12:58:52 +0000 2016,es,P
7.99E+17,14378372,"@EseRover seh, ya me dijeron que siguen negociando talentos. Pues mira, si voy. A menos que algo se caiga. Y el 17 hago show en GDL igual",Thu Nov 17 03:35:34 +0000 2016,es,NONE
7.99E+17,808141274,"En ruso me quedé en nivel medio. La vida, el servicio social, el fin de la carrera hicieron que me separa por un rato de mi amors.",Thu Nov 17 05:23:19 +0000 2016,es,N
7.98E+17,3309270109,@PalestraAgs no cabe duda. Esos son los niños fresas amigos del Peña Lento que no saben ler. Cómo? Aaah no saben LEER. Viva México! !!!,Tue Nov 15 05:37:33 +0000 2016,es,N
7.98E+17,31063278,"@diego_galvan se lo llevé a la sra q me lo cuida trae tos y flemas, y el grande del estómago, algo le cayó mal 2 hrs más!!",Mon Nov 14 16:25:25 +0000 2016,es,N
7.98E+17,78899898,"Días!!! Sí te caíste no importa; levántate,continua y haz a un lado la piedra con la que tropezaste, para no caer de nuevo... Besitos",Mon Nov 14 13:05:19 +0000 2016,es,P
7.98E+17,54639498,"@SayiRuiz Es que el mío dice Editar Perfil. :v jaja, no sólo se cambia el nombre... No el username, ya mejor me espero a estar en PC",Sun Nov 13 23:55:53 +0000 2016,es,NONE
8.00E+17,4109297473,"Lo lindo d usar Loquendo o mostrar mi cara es que los canales de salseo te ignoran, las redes no te verif. y marcas no te toman enserio.",Fri Nov 18 09:18:19 +0000 2016,es,N
8.05E+17,78899898,"Buenos días!!! Cuando la vida es dulce, da las gracias y sonríe. Cuando no es así, da las gracias, crece y aprende... Besitos",Fri Dec 02 12:53:47 +0000 2016,es,P
8.04E+17,132254421,"Ojalá se ponga de moda tener un poco de respeto y educación. No sólo des like, aplícalo en tu vida! No aparentes cosas q no son! #anotele",Thu Dec 01 06:18:56 +0000 2016,es,N
8.06E+17,249804339,"Y sí, siempre he dicho que la Navidad no se trata sólo de regalos, pero me siento mal porque no he donado regalos para los niños este año",Sun Dec 04 21:35:11 +0000 2016,es,N
8.05E+17,355950758,"Oye niña, qué no te buscan en tu casa? No tienes ni mayor de edad. Yo llego 30 min después de la hr acordada y me súper regañan.",Sat Dec 03 22:45:48 +0000 2016,es,N
8.05E+17,341777190,Ya no sé que hacer con mi serie de fotos final. No pensé que me iban a gustar tanto las fotos que tomé hoy y ahora no sé que hacerr.,Sun Dec 04 02:51:43 +0000 2016,es,N
8.04E+17,949050319,"Entre mas creces, mas cuenta te das de cuan triste es la vida, de que no todo es bueno y de que nada es eterno. Bendita infancia",Tue Nov 29 16:36:24 +0000 2016,es,N
8.03E+17,78899898,"Días!!! Entrena tu mente. Vives como piensas. Elige lo amable, lo bondadoso, lo consciente, lo sano, lo creativo, lo alegre.. Besitos",Mon Nov 28 13:11:01 +0000 2016,es,P
8.02E+17,46791548,"Lo único que vamos a extrañar de Eruviel,será la canción de ""Yo soy mexiquense"" en cada evento Por supuesto que no!No puedo odiarla más",Fri Nov 25 22:22:23 +0000 2016,es,N
8.02E+17,228967347,"En un ataque de desesperación, puse a cargar mi celular con mi laptop en plena central porque me queda 5% de pila y aún no pasan por mi.",Sat Nov 26 02:12:46 +0000 2016,es,N
8.02E+17,7.50E+17,@SBecqer Hola! la lvl 30 me la regaló noska en el 1er megaSorteo. La lvl 32 me la regalo también pero era lvl 30.Y la lvl 27 se la compré,Sat Nov 26 03:12:10 +0000 2016,es,NEU
8.02E+17,2312587724,"- Mamá, cuánto tiempo viven las putas? - Porque hija? Te sientes mal? Jajaja - Mamá!!! - Hay aparte de puta, sentida... #AsiLasCosas",Sat Nov 26 06:09:01 +0000 2016,es,N
8.04E+17,301670869,"Pacífico (cerveza) Mariscos Gustavo Cerati de Fondo *no es la Paz BJS, son las playas de los Reyes la Paz, de este hermoso estado de MX",Wed Nov 30 04:39:31 +0000 2016,es,P
8.04E+17,7.96E+17,estoy a 7 de llegar a los 500 seguidores! gracias a todos !!!! arriba el se !!!! arriba yo pero de unas vergas ricas,Wed Nov 30 03:31:57 +0000 2016,es,P
8.04E+17,191627147,"@YouTube lo que voy a hacer el lunes no es por ti, es por nosotros te amo y te quiero mucho  eres la única real para mi",Thu Dec 01 00:51:29 +0000 2016,es,P
8.01E+17,579614604,"q lindo q 1 vieja maquillada 5 tonos + claro, q c cree asiática y q comparte memes horribles, piense q es mejor que yo en cualquier cosa",Wed Nov 23 04:17:13 +0000 2016,es,N
8.00E+17,85408049,"Llegue a casa, había una caja q me mandó la ex y dentro estaba mi amada PS3 (Los niños sonríen) Pero no trae control (Los niños lloran)",Sun Nov 20 06:08:25 +0000 2016,es,N
8.08E+17,22833149,"La única a la que le voy a decir es a mi novia. Así que si no me estás pagando ningún recibo de mi casa, no estés chingando",Sun Dec 11 22:06:02 +0000 2016,es,N
8.08E+17,490895430,"Yo no le deseo el mal a nadie, pero a veces se agradece, que todo caiga por su propio peso.....:.. Muy buenos días tengan todosssss usted",Sun Dec 11 20:55:29 +0000 2016,es,NEU
8.07E+17,120640914,"—Ma, ya no quiero ir a la escuela. —¡Tienes que ir! —Ah, chinga y por qué. —Pues tú eres el maestro, cabrón. —Asicierto.",Sat Dec 10 04:22:31 +0000 2016,es,N
8.07E+17,78899898,"Buenos días!!! Aprende a confiar. Si hay silencio, déjalo aumentar, algo surgirá. Si hay tormenta, déjala rugir, ya se calmará... Besitos",Thu Dec 08 13:05:32 +0000 2016,es,P
8.06E+17,207315378,"—¿Que crees, amor? Estaba platicando con una amiga y... — —¿Ya te enojaste? Pero si es buena onda. — —Te amo, amor. —",Wed Dec 07 00:36:05 +0000 2016,es,NONE
8.07E+17,927966883,"ya esta hannibal s3 en mix up pero esta muy cara y no vale la pena el gasto si fue la temporada que menos me gusto,esperare una oferta",Fri Dec 09 04:32:22 +0000 2016,es,N
8.08E+17,76211867,"Hablando de miradas lascivas, yo una vez vi en el metro a un maldito viejo, que no dejaba de ver a una niña de la secundaria con uniforme",Mon Dec 12 22:03:51 +0000 2016,es,N
8.08E+17,184084286,Hoy un señor en el súper me dijo señora. Tengo dos teorías: es un pendejo porque agarro mi carrito en vez del suyo o real me veo vieja,Mon Dec 12 17:36:38 +0000 2016,es,N
8.08E+17,361544226,"a pesar de ser lunes y de que no inicie con el pie derecho, hoy nada me dará bajón, ando motivada con la tesis a dar el power amigos",Mon Dec 12 20:06:38 +0000 2016,es,P
8.08E+17,222302790,Buenos días pipol ? Voy de camino al doctor que me cuesta respirar :c sí muero en el camino recuerdenme  ya no aguanto la gripa >,Mon Dec 12 14:24:46 +0000 2016,es,N
7.97E+17,132254421,Es mejor darle el corton a la gente q ponerse a discutir por cosas que ni ellos mismos entenderán!!! A desayunar papus!!!!!!,Thu Nov 10 16:58:12 +0000 2016,es,N
7.97E+17,141328227,"Nuevamente fin de semana, cada vez más rápido, ya casi termina el año.!!! Espero que dios le haya dado la mejor de las semana!!!",Fri Nov 11 19:41:38 +0000 2016,es,P
7.97E+17,242561397,"Hoy amaneció nublado y con frío! El día está para no salir, ver pelis y comer pizza! Bonito viernes y buen fin de semana para todos!",Fri Nov 11 17:17:46 +0000 2016,es,P
7.97E+17,78899898,"Buenos días! Si permites que tu corazón sea tu brújula, tu mente sea tu mapa y tu alma sea tu guía, entonces nunca te perderás... Besitos",Fri Nov 11 13:11:06 +0000 2016,es,P
7.95E+17,1082350663,La sonrisa es el único virus que no hace daño al alma. Siempre sonríe;;Calavera de la Suerte>>,Sun Nov 06 09:04:10 +0000 2016,es,P
7.94E+17,920054383,"@MartinCaligaris Tu forma tan linda de decir: Borris Chavez!!! Gracias por el saludo, ya prontito nos vemos, abrazos México papá!!!",Thu Nov 03 07:04:27 +0000 2016,es,P
7.95E+17,78899898,"Buenos días!!! Lo que has hecho con amor regresa a ti. La recompensa viene de arriba y llena tu corazón, no tu ego... Besitos",Sat Nov 05 12:50:03 +0000 2016,es,P
7.98E+17,26834905,"Fui a @Cinemex x lo cerca que esta de mi casa solo p ver q no tienen ""La Llegada""  #fail ya estoy en @Cinepolis , no hay como en casa!",Sat Nov 12 20:44:57 +0000 2016,es,N
7.98E+17,768760746,#YaNoHayDePastorJoven un golpe muy bajo,Sat Nov 12 18:10:07 +0000 2016,es,N
7.97E+17,185366624,@HectorBrockwell excelente con de semana,Sat Nov 12 17:20:52 +0000 2016,es,P
8.07E+17,3048158623,"@PLLadictos I need you help! Siento que soy la úmica que no a superado Gossip girl, como tu con Stelena asi de mal estoy...",Thu Dec 08 22:26:31 +0000 2016,es,N
8.09E+17,7.52E+17,"Todo el año perros be like: -GUA GUAAFFF ARGG GUAAFF A LA VERGA PUTO GUAF. En diciembre perros be like: -Ay ay los cuetes, tengo miedo",Thu Dec 15 16:29:49 +0000 2016,es,N
8.10E+17,2685957111,#EmpiezanLasPosadasY yo ya soy gordo,Thu Dec 15 21:13:12 +0000 2016,es,N
8.09E+17,339917117,@AlbertoVill descubri que soy celosa,Tue Dec 13 04:14:13 +0000 2016,es,N
7.98E+17,247083230,@rubialvc @MirthaYudithOF @gizbetan eso fue único jejeje,Tue Nov 15 00:41:50 +0000 2016,es,NONE
8.01E+17,459431856,"Hoy pasé frente a una tienda y noté que ya no le quedaba casi nada de pan Tía Rosa, solo mantecadas de chocolate. Son tan poco valoradas.",Wed Nov 23 01:24:12 +0000 2016,es,N
8.02E+17,2968970680,@karycruz24 @rashel09 @rosiles_meza @Crisstyrc @analu31090 Gracias mi querida kary,Wed Nov 23 20:17:35 +0000 2016,es,P
8.00E+17,64860684,"@elgolfo Esta es la segunda vez que los veo y sí, muy pichicatos con los hits, ""NY City Boy"" de mis favoritas y nunca se las he escuchado",Mon Nov 21 00:14:23 +0000 2016,es,NEU
8.00E+17,16783277,@leondaraki @mx_df no sería mala idea,Sun Nov 20 13:10:25 +0000 2016,es,P
8.01E+17,184977223,#QuisieraQue la gente fuera eterna,Tue Nov 22 04:08:54 +0000 2016,es,NONE
8.01E+17,360361865,@SinCosquillas urge empedar contigo bb,Tue Nov 22 04:38:50 +0000 2016,es,P
8.01E+17,3482927717,@MauHCorona #EsTiempoDe pensar las cosas buenas,Tue Nov 22 01:28:26 +0000 2016,es,P
8.01E+17,117251532,que triste de verdad @Rayados @PueblaFC @PumasMX @SanCadilla,Mon Nov 21 01:33:20 +0000 2016,es,N
8.02E+17,78899898,"Buenos días!!! Lo q hoy seas capaz de sembrar, será lo q mañana cosecharás. Tu futuro depende de lo q realices en tu presente... Besitos",Fri Nov 25 12:52:50 +0000 2016,es,P
8.02E+17,939345290,"Llegar y encontrar la mención de Jesse y la foto, es tan hermosoooooo!!!! LA AMO!!!!! En verdad grite!!!",Thu Nov 24 02:40:53 +0000 2016,es,P
8.02E+17,570819494,@ViajerosAccion Jajajaja buena buena foto,Thu Nov 24 01:29:48 +0000 2016,es,P
8.02E+17,257138340,"Nota a mi mismo: no iniciar una cancion con frases como ""recuerdo el dia en que te conoci"" o "" caminando por las calles de mi barrio """,Fri Nov 25 00:19:09 +0000 2016,es,NONE
8.02E+17,139193589,Eres un pendejo Pulido @puliidooo,Fri Nov 25 03:49:09 +0000 2016,es,N
8.02E+17,192311168,"A como veo las cosas, no me va gustar el resultado final de este partido.. No hay manera Si un equipo juega a Ganar y el otro....",Fri Nov 25 04:52:26 +0000 2016,es,N
8.02E+17,459431856,"@Juan_Mpc No me gusta mucho el agua, así que aire o tierra. No, mejor tierra porque si es aire de seguro es un pájaro y no me gustan.",Fri Nov 25 07:25:38 +0000 2016,es,N
8.11E+17,548954012,"Todas las putas gatas a las que les cago es porque un wey se fijo en mi y no en ellas, neta no es mi pedo, pinches feas",Mon Dec 19 03:56:04 +0000 2016,es,N
8.11E+17,825717716,@eli_rivas10 @Madonna @pedrosola @chabelooficial @LAURAZAPATAM JAJAJAJAJAJA ay te extraño,Mon Dec 19 05:25:53 +0000 2016,es,N
8.10E+17,7.44E+17,Es mala la calentura #AlexAlAire #SabadosImpactantes #YaFMVilla #Musica #PorSiTeLoPerdiste,Sun Dec 18 00:16:29 +0000 2016,es,N
8.12E+17,7.52E+17,"Un amigo de mi hermano que me gustó toda la primaria y secundaria (casi) me dijo ""Te quiero fea"" y bueno chtm, no es cuando quieras",Wed Dec 21 11:24:55 +0000 2016,es,N
8.09E+17,65107352,"@cmercadoo si, pero tu le vas al Atlas, al Ame y a no se cuantos mas... sorry por los acentos, este teclado del ipad me tiene loca",Thu Dec 15 01:12:17 +0000 2016,es,N
8.10E+17,65107352,@SanCaReforma @pablitobarrera Es por salud mental,Fri Dec 16 01:17:56 +0000 2016,es,NONE
8.10E+17,8.08E+17,Sera un To3 CC  Timebomb el dia domingo 18 de Diciembre a las 8:30 hora de Mexico. Pueden mandar sus teams apartir de ahora. Es libre,Fri Dec 16 04:30:33 +0000 2016,es,NONE
8.10E+17,190371777,@iFabilalala Deja de burlarte de mí NO :; pero si me fue bien y aprendì mucho Ademàs tengo salud y màs cosas maravillosas jajaja,Fri Dec 16 06:08:02 +0000 2016,es,P
8.09E+17,78899898,"Días!! El secreto de la buena salud es vivir el ahora. No eres dueño del pasado, no sueñes con el futuro. Solo el presente te pertenece..",Tue Dec 13 12:53:17 +0000 2016,es,P
8.09E+17,172851980,@TrusaRota ha si ya vi si se ve buena!!! La pondré a ver si no me duermo dura un buen jaja pero se ve buena!! Mil gracias,Tue Dec 13 06:34:40 +0000 2016,es,P
8.09E+17,94730307,@kymposiblee eres bien mala onda,Wed Dec 14 00:48:16 +0000 2016,es,N
8.08E+17,3021820369,No cabe duda qe los qe mas quieres son los q mas te lastiman t apuñalan por la espalda perdi a la persona q consideraba mi segunda madre,Tue Dec 13 00:47:13 +0000 2016,es,N
8.09E+17,7.52E+17,"Me duele saber que en mis relaciones soy super fiel y pendeja y al final resulto ser la mala o por pena ""No te quería hacer daño"" chsm",Tue Dec 13 07:18:43 +0000 2016,es,N
8.11E+17,221937712,Le acabo de decir la neta a un amigo porque trae pedos con una morra y se enojó conmigo. Si ya saben como soy pa'que me preguntan,Sun Dec 18 21:47:43 +0000 2016,es,N
8.11E+17,4632265297,@MarioBautistaMB @mariobautista_ te amo un buen,Sun Dec 18 20:21:29 +0000 2016,es,P
8.12E+17,2859491636,"Estoy tan sad pero tan sad de los conciertos anunciados a los cuales no iré y la pinche Ruby con su guitarra, me deberían patrocinar a mi",Thu Dec 22 18:31:18 +0000 2016,es,N
8.09E+17,414301185,sé (o eso espero) que me va a dar una estabilidad económica en un futuro pero pues no sé no sé quisiera sentirme más desbordada de deseo,Wed Dec 14 02:21:42 +0000 2016,es,P
8.09E+17,2209714394,"no puede ser que ya no me pueda ni eresar en esta red social por qué todo se lo rolan a mi mamá, créeme que no ayudas en nada",Wed Dec 14 02:50:37 +0000 2016,es,N
8.09E+17,414301185,@wendolencha es que pinche partidazooo,Wed Dec 14 00:59:45 +0000 2016,es,P
8.09E+17,241403223,@MarianaGrarod @dctorre ya puedes ser feliz,Wed Dec 14 05:47:48 +0000 2016,es,P
8.13E+17,88504127,@karenvaldis en forma de recalentado,Sun Dec 25 19:00:16 +0000 2016,es,NONE
8.13E+17,185663134,"@iaz84 jajaja no ser Maléfica, de verdad la comida esta muy mal y el servicio igual, con las ganas que tenia de un buen coctel y caldo",Mon Dec 26 01:14:33 +0000 2016,es,N
8.13E+17,329798050,"@raticorns Pasé algo similar, el regalo genial (una de esas cosas donde pones tu cel y se ve 3d) pero mi cel es viejísimo y no funciona",Sun Dec 25 00:34:21 +0000 2016,es,N
8.13E+17,66617611,"@estarc62 No podía dormir y prendí la compu a las 4am y no sé como ngaos di con tu testimonio Mariano, escuché la misma voz q tú,GRACIAS",Sun Dec 25 15:16:43 +0000 2016,es,NEU
8.13E+17,452496161,"Cuando era niño e íbamos a Gigante, se hacía lista de que se iba a comprar y siempre bien limitados. Hola ese dejo de ser un problema",Sun Dec 25 22:43:49 +0000 2016,es,NEU
8.14E+17,237544540,"@nataliaenlu jajaja que pena, soy metiche. Es que mi mama si me dijo de pasar año nuevo en la playa pero ya no hay espacio en ninguno",Tue Dec 27 05:39:58 +0000 2016,es,N
8.14E+17,87353775,"Desde que tengo uso de razón todos mis fin de año han sido en casa de mi abuelita, este año será distinto y triste, te extraño tanto abu",Tue Dec 27 03:27:56 +0000 2016,es,N
8.14E+17,316820601,"Aaahhhhggg Noooo!!! Esa frase no!!!! Malditos hombres (frustración momentanea) sorry, no los odio... Bueno no a todos!",Tue Dec 27 22:04:33 +0000 2016,es,NEU
8.14E+17,276595095,"@hugo_mcc ayy si quería, pero mi familia ya no tiene vacaciones y nos iremos antes pero volveré en enero yo sola y a ver que se hace",Wed Dec 28 06:14:13 +0000 2016,es,N
8.14E+17,842176585,"tengo mucho miedo de que los del sur no quieran venir a la AN sólo porque es en CUU pls animense, yo los hospedo, los quiero mil",Wed Dec 28 07:20:07 +0000 2016,es,NEU
8.12E+17,153182282,@TonsqueAxel @YouTube te extraño como loca,Fri Dec 23 23:30:14 +0000 2016,es,N
8.12E+17,727515415,Que feo se siente o más bien que mal me siento al ver que se están robando un carro y el cabrón te ve cuando lo esta haciendo,Fri Dec 23 07:05:44 +0000 2016,es,N
8.13E+17,2696036360,"Me había acostado y recién me levanto y son las 6:34, yo pensé que ya iba a estar todo listo, la comida y el escabio en la mesa ahre",Sat Dec 24 23:33:21 +0000 2016,es,N
8.14E+17,339848767,Esta súper raro por que el año pasado vino a buscarme a la puerta de mi casa y yo ya estaba en el camión de regreso a puebla,Wed Dec 28 19:09:19 +0000 2016,es,N
8.14E+17,784907,"Una señora alza la voz,le piden no gritar,ella dice con usted no estoy hablando...entonces por qué habla Tan fuerte...me aturde",Wed Dec 28 20:56:11 +0000 2016,es,N
8.10E+17,605771975,"Buenos días para todos, menos a esos que ya están de vacaciones, a esos no Ojalá los levante su mama para hacer el desayuno. Jejeje...",Sat Dec 17 14:00:02 +0000 2016,es,NEU
8.10E+17,44501715,"Úrgeme irme a vivir solo, donde el baño sea solo para mi y pueda cagar a la hora que se me hinche la pinche gana sin que esté ocupado",Sat Dec 17 18:37:25 +0000 2016,es,N
8.10E+17,204636205,A mi papá le regalaron una bolsa de café artesanal y un termo y estoy muy celosa porque a mi seguro me regalan una camiseta o asi.,Sat Dec 17 15:05:21 +0000 2016,es,N
8.10E+17,16783277,@elblackcat eso es muy probable,Sat Dec 17 16:37:58 +0000 2016,es,NONE
8.10E+17,131066913,me traje un kitkat porque ya sé que a mi mamá le da por cortar carbohidratos de putazo pero tengo aquí 23 horas y ya me lo quiero chingar,Sat Dec 17 05:40:35 +0000 2016,es,N
8.13E+17,232016681,No soy fan del fut pero mi hermana me puso ver la final a partir del 1er tiempo extra y debo decir que estuvo muy buena #TigresVsAmerica,Mon Dec 26 03:35:32 +0000 2016,es,P
8.13E+17,985188084,"Hoy Marihana probó: carnitas, nieve de Patz, raíz de chayote, changungas, sopa tarasca, mole, enchiladas, natilla... espero no se enferme",Mon Dec 26 02:47:57 +0000 2016,es,NEU
8.13E+17,3080210256,"@MurrietaObed pues si  y realmente la pase muy mal el es como mi segundo papá, crecí con el y todo lo que se de fut es por el",Mon Dec 26 06:29:16 +0000 2016,es,N
8.13E+17,2484833694,-Si yo con 4 meses dejada me acuerdo hasta del día en que me agrego a face osea yo mega traumada time. Y ella 23 años como si nada.,Mon Dec 26 07:06:26 +0000 2016,es,N
8.13E+17,8.03E+17,Te quise como se debe y no fue breve aun no te puedo olvidar que mas da si ya no vas a estar pa cantar y fumar como siempre...,Mon Dec 26 08:12:06 +0000 2016,es,N
8.13E+17,939345290,"Happy Birthday!!!! Ya eres legal, dtb hoy y siempre, mis mejores deseos te quiero mucho y al rato te veo",Mon Dec 26 07:58:15 +0000 2016,es,P
8.12E+17,484506026,Acabo de hacer algo muy triste jajaja la señora que limpia mi casa trapeo y yo baje y pise y no sabía que estaba trapeando y creo ensucie,Fri Dec 23 18:46:00 +0000 2016,es,N
8.13E+17,74815706,"Si me caes bn lee esto, si no sigue tu camino jajaja ....Feliz Navidad pasenla súper bn y que santa les de muchos regalitos .. Los quiero",Sat Dec 24 19:39:21 +0000 2016,es,P
8.13E+17,174490565,Cómo cuando tu mamá te manda a buscar algo pero no sabe que ahí están escondidos los regalos de navidad y de paso me regañan chale jaja,Sat Dec 24 19:38:36 +0000 2016,es,N
8.11E+17,77827073,@Diegoork ya urge nuestra pijamada,Tue Dec 20 13:12:43 +0000 2016,es,NONE
8.11E+17,97151651,"Ya estoy en mi casa maigues, no morí. Bien pinche adolorida pero ya en mi casita. Pd. Me quieren llevar al rancho pero yo no quiero",Tue Dec 20 19:03:22 +0000 2016,es,N
8.11E+17,3251890796,"@AssenethSoto no es eso amor, es que yo no iba contigo pues por eso no está padre el avión... Jajaja... TE AMO , ya regresate",Tue Dec 20 18:53:58 +0000 2016,es,P
8.11E+17,3010967106,"@AngelaDelRioM hola preciosa. A pesar del frío, mis ganas de verte todos los días es mas grande, ya que me alegras con tu bella sonrisa.",Tue Dec 20 12:08:36 +0000 2016,es,P
8.15E+17,81893593,"""Aunque la fresa se vista de seda, peda se encuera."" Ahora un nene perdiendo la razón por repetir lo que le dicen.",Thu Dec 29 21:22:27 +0000 2016,es,N
8.15E+17,35157058,Filosófico: Estoy hasta el pito d muchas cosas. Creo q he alcanzado mi siguiente nivel d cinismo/valemadrismo. El año d mis 30 pinta bien,Thu Dec 29 21:29:10 +0000 2016,es,N
8.15E+17,78899898,"Días!!! Busca tu centro. Enfócate. Sé feliz. Agradece. Incluso en los momentos más desafiantes y dolorosos, la gratitud libera... Besitos",Sat Dec 31 13:05:57 +0000 2016,es,P
8.15E+17,165517115,"@ATTMxAyuda @ATTMx Olvidenlo, Ya vi que si lo que quiero comprar cuesta $150,debo de tener más de esa cantidad en saldo, y no lo exacto",Sat Dec 31 08:37:03 +0000 2016,es,NEU
8.14E+17,1883432329,Ah cada rato entro a los Md's y checo los que le mande a Brandon haber si tan siquiera me aplica el visto pero nel pastel,Thu Dec 29 02:54:46 +0000 2016,es,N
8.15E+17,535018795,"Es triste cumplir años el 2 de enero, casi nadie recuerda que cumplo años por las fiestas de fin de año y además los pesco ya sin dinero",Fri Dec 30 04:19:44 +0000 2016,es,N
8.15E+17,93341904,"@LOMMX te amo porque te pones en su lugar a todos, eso mero! Las mujeres somos las que tenemos que arreglar todo el changarro me cae",Fri Dec 30 01:42:43 +0000 2016,es,P
8.15E+17,244710567,"serías tan dispersa en no darte cuenta q tenías ganas de hacer pipí.. qué bonito tu mundo no regreses a éste, de no ser necesario. calita",Fri Dec 30 08:34:57 +0000 2016,es,N
8.16E+17,130309028,"Lo bueno que tengo amigas si no, ni hablaría con nadie más que contigo por whats benditas amigas las amo ya no hablo con niños jaja",Tue Jan 03 02:41:45 +0000 2017,es,P
8.16E+17,111870691,@Cochy_Tj llena de bendiciones jaja,Tue Jan 03 02:36:09 +0000 2017,es,P
8.16E+17,377837500,"Que feo es encontrarte a tu súper crush de toda la vida, te sonrie y ni tiempo de agarrarte él corazón te da por que vienes con tu novio",Mon Jan 02 03:23:20 +0000 2017,es,N
8.16E+17,2201962243,"2/2 hay tantas cosas que nos pueden dar satisfacciones, sólo hay que saber que es lo que uno quiere y no perderse...Buen inicio de año",Mon Jan 02 04:08:30 +0000 2017,es,P
8.16E+17,14455944,"@jeri4queen sí, y ps no es mi caso. Quiero decir, ps... no soy taaan buena. Trabajadora sí, pero buena, buena, no",Tue Jan 03 00:19:24 +0000 2017,es,NEU
8.16E+17,111870691,@Cochy_Tj ley de vida asi nos pasa a nostros la que te gusta no le gusta y a la que le gustas no te gusta que dificiles somos la neta,Tue Jan 03 01:25:43 +0000 2017,es,N
8.16E+17,779144750,Para que me robaran 4 millones de pesos como en la casa de Andrés García me tendrían que robar la casa con todo y casa y ni así,Tue Jan 03 01:22:44 +0000 2017,es,N
8.16E+17,166776417,la lencha de mi proveedor de cristal me esta acosando y me tengo que dejar para que si me de el material rapido  Dios mio,Mon Jan 02 20:52:30 +0000 2017,es,N
8.16E+17,297561765,"@mpamanes gracias por el comienzo con Always be my baby (que aquí entre nos me dedicó Mariah) ""Time can't erase a feeling this strong""",Mon Jan 02 16:13:48 +0000 2017,es,NONE
8.16E+17,180845305,@GuadaVeryGudSup Un feto muy bonito,Mon Jan 02 16:11:27 +0000 2017,es,P
8.14E+17,2965546833,"@Mumusiraneitor bueno, hoy duermo temprano jeje linda noche y disfrúta al máximo (a la hr que lo leas), tqm ...!!!",Thu Dec 29 06:53:44 +0000 2016,es,P
8.15E+17,405173077,"Son las 2 de la tarde y apenas me di cuenta que no traigo nada del ""kit"" para año nuevo .. Ni siquiera el bóxer rojo.",Sat Dec 31 20:23:54 +0000 2016,es,N
8.15E+17,3607243459,Al rato a preparar la cena de fin de año con mis hijos Al rato a Misa a darle gracias a Dios por un 2016 lleno de ilusiones y sueños,Sat Dec 31 19:07:10 +0000 2016,es,P
8.15E+17,332448562,"Gracias por todas las atenciones, el talento, y por soportarme este año! @MarianaHeAg que siga el éxito y la mejor de las vibras!!",Sun Jan 01 00:14:32 +0000 2017,es,P
8.15E+17,15685115,"@favaritx Que 2017 sea un gran año para ti, una de mis personas favoritas en este mundo. Que este año nos volvamos a ver y abrazar",Sat Dec 31 23:21:19 +0000 2016,es,P
8.15E+17,450809732,"Iba a escribir algo inspirador para este cierre de año, pero con un simple y sincero: ""deschinguen a su madre todos"" es suficiente.",Sat Dec 31 21:26:55 +0000 2016,es,N
8.15E+17,237288207,Ya casi es año nuevo y no han tuiteado la imágen del viejito con un 2016 y del bebé con un 2017. Mátenme ya ALV,Sat Dec 31 18:20:06 +0000 2016,es,N
8.15E+17,540549438,"""No te puede gustar algo que no sabes hacer"" - Mi pequeño primo Julián, 7 años, sabe más de la vida que yo",Sun Jan 01 04:24:58 +0000 2017,es,N
8.15E+17,920054383,@tomo_como_rey Feliz año washitos!!! Les deseo lo mejor del mundo y les mando un fuerte abrazo!!! Que nos volvamos a encontrar en el 2017,Sun Jan 01 04:13:07 +0000 2017,es,P
8.14E+17,348220071,"Eres bien divertida y me das mucha risa, siempre andas de buenas y eso me agrada, eres muy buena persona, ya no tengas tantos crushes",Thu Dec 29 08:13:07 +0000 2016,es,P
8.15E+17,490671706,"Me siento del pinche pito a la verga, en verdad tengo que dejar de tomar Y todavía quieren beber más hoy, Y MAÑANA ES 31 no mames",Fri Dec 30 16:29:33 +0000 2016,es,N
8.15E+17,244710567,serías tan dispersa en no darte cuenta q tenías ganas de hacer pipí.. qué bonito tu mundo no regreses a éste de no ser necesario; calita,Fri Dec 30 10:24:57 +0000 2016,es,N
8.15E+17,78899898,Días!!! Suelta las viejas creencias. Cambia tu energía. Cruza los límites imaginarios. Usa tu corazón. Libera tu niño interior... Besitos,Fri Dec 30 12:55:34 +0000 2016,es,P
8.15E+17,85506603,"La edad me trae fugas... de sentimientos, buen juicio, buen gusto, sentido común, prudencia y cortesía. La incontinencia aún no me llega",Fri Dec 30 05:57:49 +0000 2016,es,N
8.15E+17,318032260,"Si fuera bien idiota. Ya hubiera comprado un Alienware cn mi quincena al chaz chaz, pero se viene el ISR...",Thu Dec 29 23:54:20 +0000 2016,es,NEU
8.15E+17,920054383,"@JuanTaleb Naaa que postales tan hermosas Taleb! Feliz año!!! Te mando un abrazo, gracias por este año tan lindo, fue bonito conocerte",Sun Jan 01 04:06:11 +0000 2017,es,P
8.16E+17,552170864,#¿NOMBRE?,Sun Jan 01 16:20:48 +0000 2017,es,NEU
8.15E+17,83482036,"A la verga 2016! Me trajiste mucha tristeza pero espero el 2017 sea de lo mejor, a darle pa adelante q para atrás ya dolió bastante",Sun Jan 01 07:32:53 +0000 2017,es,N
8.15E+17,466153896,"@MiroslavaMont: Recibe un cálido y fuerte abrazo desde San Luis Potosí, S.L.P. P.D. Ya casi tu cumple!! n.n",Sun Jan 01 09:30:39 +0000 2017,es,P
8.15E+17,466153896,"@CarolinaPadron: Hola, te deseo un feliz año nuevo 2017 lleno de salud, abundancia y éxitos. Te mando un fuerte abrazo",Sun Jan 01 09:27:57 +0000 2017,es,P
8.16E+17,106007402,ese triste momento en el que te das cuenta que se te acabaron las vacaciones y que ya casi es hora de volver a la realidad...,Sun Jan 01 20:10:14 +0000 2017,es,N
8.15E+17,466153896,"@anabrendac: Hola, paso a desearte un feliz año nuevo 2017 y que esté lleno de salud, abundancia y éxitos para ti y para los tuyos",Sun Jan 01 08:27:16 +0000 2017,es,P
8.15E+17,466153896,"@carlacarrilloof: Y todo lo mejor para ti y para tus seres queridos. Recibe un cálido y fuerte abrazo desde San Luis Potosí, S.L.P. tqm",Sun Jan 01 09:03:07 +0000 2017,es,P
8.15E+17,815945594,"ONQ16, IBExams, Grad.PrepaTec, VemRD, Grad.IB, ITESM INQ, EMRIA. Fue un buen año #2016 y el que viene, mejor!!",Sun Jan 01 09:00:39 +0000 2017,es,P
8.15E+17,135331567,@evelyyncassio lo mejor para este nuevo año Evelyn! Q venga más futbol y más aficionadas como tú! Te mando un abrazo que Dios te bendiga,Sat Dec 31 06:04:46 +0000 2016,es,P
8.15E+17,289116341,"Mi último tweet del año. 2017 va a ser un año muy perro en muchos ámbitos. Pero puedo con él, va a traer muchas cosas buenas",Sun Jan 01 05:49:01 +0000 2017,es,P
8.14E+17,306209762,"Si algo detesto de la consulta es a los familiares groseros de los adultos mayores, la impotencia de saber que se tienen que ir con ellos",Tue Dec 27 18:44:00 +0000 2016,es,N
8.14E+17,3080210256,"@DafneCa1 estaba pensando en preguntarte sí ibas a ir jaja :v,el jueves nos vemos allá me voy a sentir raro por que todos ya se llevan",Tue Dec 27 19:12:18 +0000 2016,es,NEU
8.14E+17,2411098652,"2/2 Tipo: ""Soy anarcofeminista y siento desprecio por los hombres... pero me tomo las fotos más sugerentes posibles a ver qué agarro"".",Tue Dec 27 19:21:32 +0000 2016,es,N
8.14E+17,360317663,"El ""In Memoriam"" de los Oscares va a estar muy cargado este año. Desde David Bowie en enero hasta Carrie Fisher en Diciembre",Tue Dec 27 19:38:15 +0000 2016,es,N
8.14E+17,2786249392,"@maciosare75 Hi! muchisimo gusto, felices fiestas no les interesaría salir con una pareja de 26 y 28 años? somos de Xalapa pero viajamos.",Tue Dec 27 11:14:02 +0000 2016,es,NONE
8.14E+17,428476605,"Sí es Shido ser fiel Yo sabía que lo era. Qué me pasó esas veces? O sea, fue desde mi primer novio en CCH...",Tue Dec 27 15:34:05 +0000 2016,es,P
8.14E+17,39228016,Desde hace 20 minutos se escucha una alarma y me da mucho coraje porque eso significa que la persona sigue dormida y yo aquí con sueño,Tue Dec 27 15:15:29 +0000 2016,es,N
8.14E+17,1007923098,Lo mejor de estas fechas es que con el frio vienen los suéters y con ellos solo tengo que planchar el 15% de la camisa... #NavidadGodin,Tue Dec 27 06:24:15 +0000 2016,es,P
8.12E+17,151962177,@FelipeGNE por??? hay bueno si un café! Yo tmbn elegí que ya no salgo hoy! A que hora llegas?,Fri Dec 23 19:54:58 +0000 2016,es,NONE
8.13E+17,379205511,@maferalatriste creo q el único,Sat Dec 24 08:03:10 +0000 2016,es,NONE
8.14E+17,231476752,#¿NOMBRE?,Tue Dec 27 05:15:17 +0000 2016,es,N
8.18E+17,3819148944,@EduardoRamos95R aquí ando me enferme de la garganta jajaja ntp sígue jugando amor te amo mucho! Te extraño popochas,Sun Jan 08 03:27:45 +0000 2017,es,P
8.18E+17,331230834,Top de cosas inútiles que guardo en mi memoria: - Diálogos completos de Shrek2 - Dos canciones de Selena Gómez - Su número de teléfono,Sat Jan 07 16:18:06 +0000 2017,es,P
8.18E+17,949050319,"Desperté casi a las 11:00 am. No me juzguen. Tengo el nombre de la princesa que estuvo dormida toda la película, ¿que esperaban?",Sat Jan 07 18:13:07 +0000 2017,es,NEU
8.18E+17,159904333,#¿NOMBRE?,Sun Jan 08 02:12:27 +0000 2017,es,N
8.18E+17,112578539,"Qué triste de veras cuando tienes antojo brutal de un Blizzard, crees que el del mes no tiene pierde, y resulta estar muy malo",Sun Jan 08 02:11:48 +0000 2017,es,N
8.18E+17,1163476410,"@DaniaRoberta A los delincuentes llamados ""POLITICOS"" solo les interesa ATASCARSE de dinero y propiedades... eso si, los domingos a MISA!",Sat Jan 07 18:45:25 +0000 2017,es,N
8.18E+17,137625300,@balucorp ni has estado feo,Sat Jan 07 20:09:04 +0000 2017,es,P
8.18E+17,239030288,"@_NoSoyArtista @Telcel @ATT pues si, yo creo, mi papá me dejo un equipo att y al igual lo uso mejor, porque ya estoy harta de esto.",Sat Jan 07 20:46:45 +0000 2017,es,N
8.18E+17,103725631,"@AscNati si si ya estuve haha desde el jueves en la mañana,ahorita ya voy saliendo de la central nueva,a mi también me llenó rápido",Sun Jan 08 01:56:27 +0000 2017,es,P
8.18E+17,3130567529,"Sí, mi vida, estás muy linda, tienes un cuerpazo, pero déjame te presento al cepillo de dientes y la pasta",Sun Jan 08 00:11:46 +0000 2017,es,N
8.18E+17,7.45E+17,@SaulSeguraB Pionera en nuestra colonia,Sun Jan 08 05:27:17 +0000 2017,es,P
8.17E+17,247040001,@marthaor2010 10pax -$200 20pax - $320 10 pax rellena - $280 20 pax rellena - $400 Relleno sugerido es de cajeta o cajeta con nuez,Thu Jan 05 03:51:37 +0000 2017,es,NONE
8.17E+17,247040001,@travel_gaia 10pax -$200 20pax - $320 10 pax rellena - $280 20 pax rellena - $400 Relleno sugerido es de cajeta o cajeta con nuez,Thu Jan 05 03:51:12 +0000 2017,es,NONE
8.17E+17,162844333,Triste es no poder ver series en la TV por qué soy tan ciego que ya no alcanzo a leer los subtítulos.,Thu Jan 05 13:11:10 +0000 2017,es,N
8.17E+17,78899898,"Buenos días!!! Los retos en la vida no están ahí para paralizarte, sino para ayudarte a descubrir quién y que tan fuerte eres... Besitos",Thu Jan 05 13:09:22 +0000 2017,es,P
8.17E+17,59594390,"@JJSanchezB Tenemos la Pre inauguración de la e de #Barbie el viernes 6 de enero, y el sábado 7 de enero sería día normal",Thu Jan 05 15:43:14 +0000 2017,es,NONE
8.17E+17,100139110,"@OyeeDanny Ya sé, ¿Quién los entiende? Verdad ? El sabe lo que hace, y vaya que lo ha hecho más que bien. Es grande @peladoalmeyda",Thu Jan 05 16:23:53 +0000 2017,es,P
8.17E+17,428702499,"Cuidando a mi enfermita, hoy no se trabaja dice ella y esta perfecto día de camita! yo malita tu malita chin me toco ser la enfermera!",Thu Jan 05 17:04:07 +0000 2017,es,N
8.17E+17,64276619,@samymtzl va a ganar tu tio @lopezobrador_,Thu Jan 05 17:02:44 +0000 2017,es,P
8.17E+17,179567836,"@Ale_Jaramillo A los años por aquí hermosa, ya ni te has de acordar de tu fiel seguidor Un abrazo inmenso en este nuevo año. Bendiciones.",Thu Jan 05 17:36:44 +0000 2017,es,P
8.16E+17,4786276643,"@chocoloveAc tenemos muchas ganas de verte!!! Te extrañamos muchísimo, vuelve pronto porfavor!!!! te queremos mucho",Tue Jan 03 19:01:56 +0000 2017,es,P
8.16E+17,56140140,"OMFG mi conductor de uber acaba de pasar por un bache gigante y ahora el coche va haciendo ruidos raros. Pobre, le va a costar carísimo.",Wed Jan 04 04:18:00 +0000 2017,es,N
8.16E+17,3607243459,"@Djrossana que tengan un lindo martes y que todos tus sueños se hagan realidad Sé tu misma, No copies Modas Eres Mi ejemplo a seguir",Tue Jan 03 18:45:55 +0000 2017,es,P
8.16E+17,105334697,@walkiriaflor Pues no estaba bromenado,Tue Jan 03 18:44:47 +0000 2017,es,N
8.16E+17,1343523248,"Pues yo llevo 2 meses haciendo #gazolinazo; no tengo dinero para reparar mi carro. Y creo que ahora, después de esto, se irá al yonke.",Tue Jan 03 18:54:48 +0000 2017,es,N
8.16E+17,247560015,Que lindos recuerditos al mirar nuestras fotos de un 3 de enero 2016 conviviendo ella con mi familia. Hoy hace un año.,Wed Jan 04 03:34:47 +0000 2017,es,P
8.16E+17,110831768,"Si me dieran cualquier deseo del mundo,solo pediría una sola cosa ... ""regresar el tiempo"" , tengo mis dudas sobre Dios pero.. ayúdame!",Wed Jan 04 03:07:59 +0000 2017,es,NEU
8.17E+17,3819148944,"@EduardoRamos95R descansa gordis, mañana nos vemos no tardes por favor si? Sueña bonito, te amo muchísimo un besito en la frente",Wed Jan 04 04:50:04 +0000 2017,es,P
8.16E+17,371055273,Que más quisiera estar allá y abrazarte! Qué feo que el amor de mi vida se haya accidentado y yo por acá,Tue Jan 03 05:17:34 +0000 2017,es,N
8.16E+17,360317663,Estaba contando que mi mamá tiene como 9 grupos de WA y yo sólo tengo el de mi salón que está silenciado por un año,Wed Jan 04 02:27:02 +0000 2017,es,N
8.16E+17,3819148944,"@EduardoRamos95R yumi  te amo, estoy viendo la serie y tu?  también te extraño mañana te veo?",Wed Jan 04 02:23:09 +0000 2017,es,P
8.16E+17,16620113,Madurar es mas divertido contigo,Wed Jan 04 02:11:55 +0000 2017,es,P
8.16E+17,85660601,"La música de U2 me deprime sobretodo la de Stay (Far Away, So Close!) maldita sea para que los puse",Wed Jan 04 02:01:45 +0000 2017,es,N
8.16E+17,151523940,"@lili_blend ahora te entiendo, roji! Hoy que salí sola me di cuenta que no dejé de morderme los labios todo el tiempo de nervios y miedo",Wed Jan 04 03:56:28 +0000 2017,es,N
8.16E+17,9809362,Durmiendo tan rico y sólo me hablan para chingar.... Y dicen q yo soy el q tiene una vida de mierda y bla bla bla,Tue Jan 03 21:00:57 +0000 2017,es,N
8.16E+17,28423614,"@IbanezXaro jajaja ya ves lo que ocasiona tu ausencia prolongada, mi cuate no me habla y mi sobrina me desconoce",Tue Jan 03 05:00:42 +0000 2017,es,N
8.16E+17,279714928,"@LizHeidern Hace streams buenos, a veces está muy vacío su chat, pero se pone bueno el ambiente con @L337LAG.",Tue Jan 03 06:55:29 +0000 2017,es,P
8.16E+17,438031133,El reboot de Jumanji puede romper mi corazón x2. Porque puede ser horrible y además pueden arruinar la imagen que tengo de The Rock,Tue Jan 03 06:53:35 +0000 2017,es,N
8.16E+17,149730728,Estaba pensando en todas las cosas divertidas que quiero hacer este semestre y luego me acordé de lo que metí y pues no va a pasar,Tue Jan 03 06:53:26 +0000 2017,es,N
8.17E+17,7.87E+17,"Hasta me das risa @realDonaldTrump, por que el único afectado seras tu y tu país y ante tus propios ojos veras su destrucción total.",Thu Jan 05 21:46:07 +0000 2017,es,N
8.17E+17,206345163,@Yo_Soy_B es que aquí no hay así que diga edificios y lugares históricos y los que hay son como 3 y ya no esta chido por eso lo digo.,Fri Jan 06 04:40:30 +0000 2017,es,N
8.17E+17,502241459,"Tenia la idea de comprar un carro este año, pero ahora nevermind, me tendre que traer a petunia(mi bici) a TJ",Fri Jan 06 04:01:31 +0000 2017,es,N
8.17E+17,703860612,Lo más triste es que cuando regrese a clases no voy a poder darme el lujo de ir a mi casa cada fin de semana,Fri Jan 06 00:28:40 +0000 2017,es,N
8.17E+17,3035859050,"Que bueno que no soy mamá, sería la peor de todas, les daría puro jugo verde y Macaroon and cheese feo",Fri Jan 06 01:45:09 +0000 2017,es,N
8.17E+17,171254872,@FridaSante 2 cosas 1 mal que no me sigues 2 mandale un saludo a azul si? (el amor de mi vida ),Fri Jan 06 00:24:32 +0000 2017,es,N
8.17E+17,410408730,@juanchogerk9 lo peor es que mucha gente vive de vender juguetes y por esto este año les irá mal (día de reyes) todo el centro esta solo,Fri Jan 06 03:39:08 +0000 2017,es,N
8.17E+17,81416307,"Lo bueno de crecer es que cosas que antes causaban un efecto emocional en mí, ahorita me vale madreeee #QueBonitoEsLoBonito",Fri Jan 06 03:04:14 +0000 2017,es,P
8.17E+17,4855506675,Mi tío me contó que iba en el metro bus y que un cabron dijo por teléfono que se hubiera agarrado la Pantalla en lugar de la licuadora,Fri Jan 06 03:09:07 +0000 2017,es,N
8.17E+17,44992212,Me acorde cuando era niño y me trajeron un balón y eso hizo que amara algo y hasta ahora me apasiona el fútbol,Fri Jan 06 04:55:43 +0000 2017,es,P
8.17E+17,349269520,¿Por qué dicen que ando en modo mamona? ¿qué no saben que soy la persona más aburrida para platicar? Les have falta tratarme más,Fri Jan 06 04:51:31 +0000 2017,es,N
8.17E+17,226390631,es bien raro no estar en la escuela a esta hora :c la neta sí extraño eso y apenas van dos días de clases jajajaja,Fri Jan 06 02:50:03 +0000 2017,es,N
8.17E+17,180779828,"#fiesta17millones @yuyacst HERMOSA, MIL FELICIDADES, esta familia crece y creceP NO TE GUSTÓ MI DIBUJITO QUE TE HICE?",Fri Jan 06 02:26:25 +0000 2017,es,P
8.17E+17,53147384,"Mañana va a haber muchos niñitos con una primer patineta. Si ven a uno, apoyen y ayudenlo. Estará frente a ustedes un nuevo skateboard.",Fri Jan 06 02:31:34 +0000 2017,es,P
8.17E+17,234467695,Lo pendejo se mide en comparación del número de veces que te encabronas por un twiit que ni siquiera era dirigido a ti,Thu Jan 05 23:36:50 +0000 2017,es,N
8.17E+17,110069739,"Queridos reyes quiero: 1. Voluntad para dejar de tragar... Y ya con eso toda mi vida se resuelve, ah sí bueno y un dragón",Fri Jan 06 06:21:55 +0000 2017,es,N
8.17E+17,247635523,"Hoy le pedí a Dios una señal realmente obvia, para poder tomar una importante decisión, y mas clara no pudo estar. Gracias #Totales",Fri Jan 06 05:10:05 +0000 2017,es,P
8.17E+17,103751716,@chelita19_esme hahaha te la curas? con el que sea lo chido es ir Posiblemente contra Tigres vaya sho :v,Fri Jan 06 06:47:42 +0000 2017,es,P
8.17E+17,740093292,Extraño a Super Junior M #TeamSuperJunior #SOOMPIAWARDS,Thu Jan 05 23:59:42 +0000 2017,es,N
8.17E+17,133500554,"Cálmala pinche Jesús, si me quiero morir y todo pero no de esta forma tan culera, que me atropelle un carro mejor.",Fri Jan 06 07:11:37 +0000 2017,es,N
8.17E+17,240833753,Que triste es no tenerte,Fri Jan 06 07:46:19 +0000 2017,es,N
8.17E+17,36243863,"De Las princesas Ana&Mía a Mórbida mal pedo, qué tan gorda soy si me encontré boronitas en mi papada?",Fri Jan 06 07:35:28 +0000 2017,es,N
8.17E+17,70530982,Brillas y brillas tan lindo,Fri Jan 06 07:33:13 +0000 2017,es,P
8.18E+17,95282081,"Hey! @ifCristian espero tengas un muy bonito día, H! Te deseo lo mejor siempre Sé feliz ? y felicidades, una vez más.",Sun Jan 08 20:21:51 +0000 2017,es,P
8.18E+17,3236797487,Como te tardas en contestar,Sun Jan 08 22:05:28 +0000 2017,es,N
8.18E+17,3100242505,@alexMay_Be algo similar me ha pasado,Sun Jan 08 19:37:40 +0000 2017,es,NONE
8.18E+17,288471048,"Al despedirnos dijo: Have a nice day, y yo le conteste igual, y le dije ay que pendeja, jajaja ay gud bai mai lob.",Sun Jan 08 18:11:18 +0000 2017,es,P
8.18E+17,69923501,"Al rato rosca de reyes Ya se que no es hoy cuando se parte, pero s mi suegro le gusta hacer las cosas en familia",Sun Jan 08 18:09:41 +0000 2017,es,P
8.18E+17,7.03E+17,"Tengo hambre,pero si pido cena el chavo de la moto se va a mojar y seria mal pedo",Sun Jan 08 07:13:32 +0000 2017,es,P
8.18E+17,284714498,"Si no vivo al norte de la ciudad, tengo un iPhone, auto y dinero no soy cool?",Sun Jan 08 21:35:05 +0000 2017,es,N
8.18E+17,7.70E+17,"Hay días en las que me pongo muy triste, pero no lo demuestro aparte de que a nadie le importa pues a nadie le importa",Sat Jan 07 21:32:53 +0000 2017,es,N
8.18E+17,1131978595,"Chavos no quiero ser pesimista pero siento que el Kit no es pa'mi, ease qué no voy a ganar",Sat Jan 07 21:43:53 +0000 2017,es,N
8.18E+17,46791548,"Nunca van a encontrar a una amiga como yo,que guarde hasta el mínimo papelito de la secundaria que decía: Hola!Eres súper! Nunca cambies",Sat Jan 07 21:39:29 +0000 2017,es,P
8.18E+17,7.79E+17,"@ladelbosque29 acude al próximo llamado que hagamos aqui, muy sencillo. Con guantes, zapato cerrado cómodo y si tienes una pick-up mejor!",Sat Jan 07 21:45:07 +0000 2017,es,NONE
8.18E+17,487752566,@YazarethPalomo te extraño tanto mi amor,Sun Jan 08 06:15:40 +0000 2017,es,P
8.18E+17,42174200,"Y Maldita sea, me convertí en quien menos queria ser. En la peor versión de mi, cuestión de cambio para un 2017 lleno de positivismo...",Sun Jan 08 09:33:54 +0000 2017,es,N
8.18E+17,233494798,"Ya no me burlare cuando les pasó algo a mis amigos, por qué luego me sucede algo parecido y ya no me es gracioso",Sun Jan 08 16:55:46 +0000 2017,es,N
8.18E+17,414301185,"@karlacg_ ayñ, si eso pasa, uno de mis hermanos era super rubio y pues ya no jaja igual está cute tu cabello!",Sat Jan 07 18:52:07 +0000 2017,es,P
8.17E+17,76657231,Histerica x todo lo que no he actualizado en redes.Quiero tiempo ó 1 comunity manager gratis xq yo como JuanGa y el pais no tengo dinero,Thu Jan 05 00:29:38 +0000 2017,es,N
8.17E+17,149262320,@Horantheworld20 claro que se puede corregir,Thu Jan 05 06:22:49 +0000 2017,es,P
8.17E+17,14346090,Pero llegar al hogar me da inmediata alegría en el corazón. Y así es como mis días cierran bonito desde hace un tiempo.,Thu Jan 05 05:40:11 +0000 2017,es,P
8.17E+17,153608765,Ya viste lo bien que nos divertimos el uno sin el otro. Después de todo nadie es indispensable.,Thu Jan 05 05:23:35 +0000 2017,es,P
8.17E+17,634896089,"Por que no hacen perfumes de ropa nueva? Es el olor mas hermoso, consumista y de cierto modo capitalista del mundo",Thu Jan 05 05:17:55 +0000 2017,es,N
8.17E+17,163130669,"@pablocampos98 Andas súper desaparecido de aquí pero se que te la estás pasando súper bonito en tu viaje, y eso me hace muy feliz",Thu Jan 05 01:41:30 +0000 2017,es,P
8.17E+17,1161529284,Extraño que mayito diga babosa (o) Extraño la primera media hora de cotorreo Extraño todo el desmadre de antes jaja,Thu Jan 05 01:03:33 +0000 2017,es,N
8.17E+17,384047127,@paobarquet que coraje saber que tu y tus compañeros fueron víctimas de gente malandrina por otro lado me da gusto saber que estás bien,Thu Jan 05 04:15:46 +0000 2017,es,N
8.17E+17,1459644751,Siii te traje un tecuerdo @La_Joyita2 pero me extraviaron mi mochila debajo del autobús y pues ahi se perdió Es neta. Hasta mi cel fue.,Thu Jan 05 04:10:00 +0000 2017,es,N
8.17E+17,289190391,@bettocantu Los juegos de Booktube me dejaron con muchos libros abiertos y quería cerrarlos antes de leer este Creo que si la hago...,Thu Jan 05 04:45:39 +0000 2017,es,NEU
8.17E+17,78463223,De la nada me empezó a seguir @Chilaquiloteca y me enteré que existe ese servicio... porque a veces también me pasan cosas buenas,Thu Jan 05 03:58:14 +0000 2017,es,N
8.17E+17,78899898,"Días!!! Si confías en tu mente, tendrás que tomar decisiones toda tu vida. Si confías en tu corazón, será tu última decisión.. Besitos",Wed Jan 04 13:19:14 +0000 2017,es,NEU
8.17E+17,2442953413,"Ya me da miedo dormir con alguien, hablo sola y que tal si digo cosas que no debo",Wed Jan 04 14:05:31 +0000 2017,es,N
8.17E+17,78816998,@PMovimiento Acuérdense que a lo Hecho en México de mexicano sólo le queda el sudor la tierra y el aire casi todo lo demás es importado,Wed Jan 04 15:50:10 +0000 2017,es,N
8.17E+17,89631068,Que decepción que gente que lo es todo te oculte cosas. ¿Tan difícil es decir la verdad?,Wed Jan 04 19:36:00 +0000 2017,es,N
8.17E+17,205486948,"@RuizJanely eres un ángel caído del cielo, fui a buscar de casualidad si estaban en las otras cocinas y no están mis cubiertos",Wed Jan 04 19:52:30 +0000 2017,es,N
8.17E+17,181381698,"Y por todos lados hablan de los bloqueos, de ENP, de Trump y pinches es muy deprimente",Wed Jan 04 19:46:02 +0000 2017,es,N
8.17E+17,127358239,¿Porqué las personas no captan la mega no indirecta de enviar flores? Mi escritorio se sigue viendo sin vida jajaja,Wed Jan 04 19:01:09 +0000 2017,es,N
8.17E+17,33070943,"@Kresnik02 it's never too late, nunca lo tuve en 64, era muy pobre y la verdad ahorita no lo he buscado así que lo comprare digital",Wed Jan 04 19:56:30 +0000 2017,es,P
8.17E+17,118103247,Escribí un texto bien interesante acerca de la violencia en el noviazgo y de cómo salir de las relaciones tóxicas. Luego lo posteo amigos,Thu Jan 05 02:26:10 +0000 2017,es,P
8.17E+17,84420576,"Me lleva la tostada con el internet de @izzi_mx. Deje a mis amigos en ARK, con un T-Rex y un Oso.",Thu Jan 05 08:16:25 +0000 2017,es,N
8.17E+17,341777190,Lo triste de este trimestre: salgo diario hasta las diez y no estaré con todo el crew.,Thu Jan 05 07:11:56 +0000 2017,es,N
8.17E+17,341777190,"Que te contesten con un ""¿Qué demonios fue todo esto? jajaja"" a un mensaje bonito, sí te mata un poquito.",Thu Jan 05 07:18:02 +0000 2017,es,NEU
8.17E+17,1321419283,"@SirArminDice voy a leer sobre ello Por cierto, no estoy en contra de la propiedad privada, por errores me refería al invididualosmo..",Thu Jan 05 07:43:05 +0000 2017,es,N
8.17E+17,3409459874,4:18 AM. Que gran dilema. ¿Despertar a mamá para que me baje a abrirme o dejar que siga durmiendo? Pd. Venga saliendo del trabajo,Thu Jan 05 10:18:44 +0000 2017,es,NEU
8.17E+17,46049225,"Cuando me duermo muy tarde planeando proyectos que me apasionan, es un completo goce, inspiracion a la calma de la noche",Thu Jan 05 10:52:35 +0000 2017,es,P
8.16E+17,125112222,Not Myself Tonight era hermosa pero el video rip off de Bad Romance arruinó todo para mi Queen X,Tue Jan 03 03:14:02 +0000 2017,es,NONE
8.16E+17,40517515,"7 horas ya desde que salimos de Mendoza y seguimos en Puebla varados... Weeee, mi pobre perrito es demasiado para él",Tue Jan 03 03:42:52 +0000 2017,es,N
8.16E+17,949050319,Lo siento mucho Perder un abuelo es uno de los dolores mas hondos posibles. Mucha fuerza para ti. @UrielCastillo93,Tue Jan 03 03:53:42 +0000 2017,es,N
8.16E+17,454364202,No puedo creer que me haya propuesto dejar de fumar un mes y ya casi lo cumpla,Tue Jan 03 07:41:22 +0000 2017,es,P
8.16E+17,862382503,"@tuamigatuitera pues ya ni nos hablas y si iré, iré como el 20 o algo así de enero!",Tue Jan 03 07:27:14 +0000 2017,es,NONE
8.16E+17,2452053038,"@deba12334 por qué siempre en las finales los hacen los domingos y todos al siguiente día trabajan, van a la escuela y no se pueden",Tue Jan 03 08:48:19 +0000 2017,es,N
8.16E+17,634896089,Wooooow que curativo es esto!!!! Me hace parecer menos perra y un poco mas agradable Me gusta,Tue Jan 03 05:57:48 +0000 2017,es,P
8.19E+17,2418354834,@soyalannavarro me pregunto: ¿habrás leído mi tweet y te sorprendiste por que ese es mi máximo nivel creativo? Me temo que sí.,Tue Jan 10 00:19:22 +0000 2017,es,N
8.19E+17,2455610797,@elciempies para nada ella ama México y siempre quiere venir. Por eso vino gratis a tajin. Desde su álbum pasado esta que muere por venir,Tue Jan 10 00:12:28 +0000 2017,es,P
8.19E+17,3607243459,@Tribuna_I Apenas inició el torneo y ya están diciendo si YA VA LA BUENA para @Chivas Hay equipos mejores que el Rebaño,Tue Jan 10 00:47:06 +0000 2017,es,NEU
8.19E+17,2771460275,"@konemak Hay películas que por acuerdos de sus distribuidoras, es de la única manera en pueden estar dentro del catálogo",Tue Jan 10 00:45:53 +0000 2017,es,NONE
8.18E+17,157074487,@lizpedroza Hermosa estos días tengo un arañas alacranes ratas y murciélagos en mi carta jajajaja Es impresionante la química del cerebro,Mon Jan 09 14:09:56 +0000 2017,es,N
8.19E+17,232016681,"@ContactoCitibmx en la mañana habían retenido la compra en linea porque pensaban que era fraude con la tarjeta, pero ya lo resolvieron.",Mon Jan 09 19:29:10 +0000 2017,es,P
8.19E+17,1869395678,"@NekoJitaBlog Yo por un bolillo con mayonesa, huevo, frijoles y mucho chile... Ahhhh... es un antojo muy malo...lo sé...",Mon Jan 09 21:34:17 +0000 2017,es,N
8.19E+17,567376426,@nahimachoura que te pareció el tercer uniforme de nuestras aguilas? A mi no me gustó pero se ve mejor que el de local...chale..,Mon Jan 09 21:14:54 +0000 2017,es,N
8.18E+17,179567836,"@elavelden Acá en Ecuador aún falta para el final de la telenovela, no me pierdo ningún capítulo. Un abrazo y excelente semana",Mon Jan 09 16:24:35 +0000 2017,es,P
8.18E+17,102812491,#BuenosDias mundo Twittero ya empezó la segunda semana del año y estoy mas que listo para vivir un día mas,Mon Jan 09 16:21:06 +0000 2017,es,P
8.19E+17,2165963496,"@FidelZevi esta bien, no insistas",Mon Jan 09 18:33:17 +0000 2017,es,NEU
8.19E+17,24494978,"@Cinemex ¡Hola! Oigan reponganos las entradas de ayer con unas nuevas, por lo ocurrido ayer en Cinemex Portal Vallejo, por favor.",Mon Jan 09 20:28:19 +0000 2017,es,N
8.19E+17,359540492,"@ErickValdes_ JAJAJAJAJAJA trague puro brócoli y coliflor con pollo ahorita para echarme las tostadas, me las merezco",Mon Jan 09 20:26:39 +0000 2017,es,P
8.19E+17,263404437,@qtf Yo no opino lo mismo... escribe muy similar a mi hijo de 9 años... ya tiene firma!!,Mon Jan 09 20:09:33 +0000 2017,es,NEU
8.19E+17,22169010,"@MFollowill muchas gracias Mark, si ya no puedo esperar , @swish41 y su tiro perfecto gracias por venir a México ???? #MFFL",Mon Jan 09 20:08:46 +0000 2017,es,P
8.19E+17,85760676,Para qué hablan de clandestino,Mon Jan 09 22:03:29 +0000 2017,es,NONE
8.19E+17,3044141293,"Ayer me robaron descaradamente, jamás acompañes a tu mamá al centro comercial con tu tarjeta de la beca",Mon Jan 09 22:00:15 +0000 2017,es,N
8.19E+17,354994936,Que feo ver del otro lado de mi lugar de trabajo que están comiendo cheetos y yo acá valiendo verga,Mon Jan 09 21:58:45 +0000 2017,es,N
8.19E+17,3044141293,Lo bueno de ser un sin amigos es que puedo llegar a la hora que quiera a los lugares que quiero visitar.,Mon Jan 09 22:06:29 +0000 2017,es,NEU
8.19E+17,322953460,"Recorrí toda la ciudad en un dia con mi mejor amigo, que trip",Mon Jan 09 23:51:41 +0000 2017,es,P
8.19E+17,319868589,Es normal que después de todo un fin con mi novio ahora lo esté extrañando?... ._. ya traiganmelo,Mon Jan 09 23:27:41 +0000 2017,es,N
8.19E+17,2696036360,@PiojitoPersa aguante los fritos con mateeeees linda!!! (Quiero fritos ahora ahre) encima estoy tomando mates ahre,Tue Jan 10 00:57:00 +0000 2017,es,P
8.19E+17,949050319,¿Alguien tiene algún pdf donde se describan las etapas del desarrollo humano? Sobre todo la de la senectud. POR FAAAA.,Tue Jan 10 00:54:21 +0000 2017,es,NONE
8.18E+17,8.07E+17,Cada que hablo contigo mi corazón se pone feliz pero eso no se nota a través de una pantalla,Mon Jan 09 16:04:36 +0000 2017,es,P
8.19E+17,2388232904,Ya tengo mi principal propósito de este año,Mon Jan 09 19:08:20 +0000 2017,es,P
8.19E+17,353703415,"Regla básica para hacer una fiesta de cumpleaños... TENER AMIGOS, no sé a quién invitar",Mon Jan 09 19:50:09 +0000 2017,es,N
8.19E+17,268413862,"@crystinahotwife @CyDiosas Se ve hermosa! Me dan ganas de comerme todo eso y con este frío, de estar adentro",Mon Jan 09 19:32:01 +0000 2017,es,P
8.19E+17,94423498,"@VivaAerobus Hola, ¿Se puede hacer web-checkin e imprimir el pase de abordar si viajo en viva light? La página dice que no...",Mon Jan 09 20:55:31 +0000 2017,es,N
8.18E+17,134987886,Ya me está doliendo la cabeza de estar todo el día acostada. Por qué soy así??,Mon Jan 09 01:16:25 +0000 2017,es,N
8.18E+17,183818057,"""Elle"" es increíble, pero mi raíz latina pedía a gritos ""Neruda"" #GoldenGlobes",Mon Jan 09 02:39:48 +0000 2017,es,NONE
8.18E+17,55370359,"Extraño a mis comprañeros roberto, osvaldo, julio y leo eran increibles al igual que mis super jefes!",Mon Jan 09 02:51:33 +0000 2017,es,P
8.18E+17,137509257,Yo solo quiero adelantar mi vuelo a Chicago,Mon Jan 09 02:55:22 +0000 2017,es,NONE
8.18E+17,7.11E+17,"Hola @raramo74! vamos a estar al pendiente de esa ruta y en caso de que encontremos algo a buen precio lo publicamos, Saludos!",Mon Jan 09 02:07:29 +0000 2017,es,P
8.18E+17,395399404,Es triste quitar todas las cosas de Navidad,Mon Jan 09 00:23:42 +0000 2017,es,N
8.18E+17,115268020,Cuando piensas que las cosas van a toda madre y la cagan la vida es un riesgo carnal!,Mon Jan 09 02:15:59 +0000 2017,es,N
8.18E+17,4851859689,@EverCufl Ay que grosero eres conmigo,Mon Jan 09 03:34:12 +0000 2017,es,N
8.18E+17,234149524,@ana_sofmt oye perame que si buzzfeed es pendejo entonces el amor de mi vida no es el amor de mi vida y eso sería triste,Mon Jan 09 03:45:47 +0000 2017,es,N
8.18E+17,71972016,@luismartiinez28 yo estoy en primera fila,Sun Jan 08 23:57:59 +0000 2017,es,NONE
8.18E+17,157810224,Siempre el más guapo Ay,Mon Jan 09 04:19:34 +0000 2017,es,P
8.18E+17,216833991,"Ya sé, tengo que leer a Mishima pero se me atravesó el estúpido y sensual Joyce con Dublineses y tenía que estrenar mis marcadores.",Mon Jan 09 05:20:18 +0000 2017,es,P
8.18E+17,510924452,por que no nací con las cejas pobladas,Mon Jan 09 05:18:26 +0000 2017,es,N
8.18E+17,2442953413,"Odio tener una voz horrible y que a la vez ame cantar, no es justo ¿por que la vida me trata tan mal?",Mon Jan 09 05:29:34 +0000 2017,es,N
8.18E+17,3448576580,@josciv por eso es importante escucharlo,Mon Jan 09 05:25:54 +0000 2017,es,P
8.18E+17,173743253,"@aimeraus @GLaveaga @debatelibros No, no sabía que existía, lo leeré ya acabaste el primero?",Mon Jan 09 03:59:42 +0000 2017,es,NONE
8.18E+17,108812336,"Hoy es cumpleaños el maestro Bowie, un capricornio en todo sentido, que en paz descanse. Hay nuevo EP y sonó su legado hoy en carretera",Mon Jan 09 03:59:10 +0000 2017,es,P
8.18E+17,892713816,Que rica siestesita me aventé hasta pensé que ya era de mañana porque me levanto la alarma,Mon Jan 09 03:05:48 +0000 2017,es,P
8.18E+17,465707389,Paseito... Laika cumple en pocos días 5 años... 5 la condenada !!!!! #ILoveDogs #ThePack…,Mon Jan 09 03:03:02 +0000 2017,es,P
8.18E+17,2859491636,"Amigos, me llevo el premio a la ansiedad. Parece que me bebí el reino del café ando mal",Mon Jan 09 02:59:32 +0000 2017,es,N
8.18E+17,157074487,me sorprende la homofobia y sus manifestaciones inesperadas... lo digo por mi,Mon Jan 09 02:57:39 +0000 2017,es,N
8.18E+17,342092694,Ojalá me dijeran que estoy bonita tanto como se lo dicen a sergio quembidia pero esque esta hermoso unu,Mon Jan 09 09:22:11 +0000 2017,es,P
8.18E+17,890291838,Mi lechuza tan retrasada por la distancia y ahora con el muro se va a estrellar con todo y mi carta a Hogwarts,Sun Jan 08 23:25:56 +0000 2017,es,N
8.18E+17,166776417,@Soul_Vedder que bueno que mi primer boda del año es en abril jajajajaj  al menos será la mitad de como le veo ahora,Mon Jan 09 00:13:39 +0000 2017,es,N
8.18E+17,1539181087,@hlahumberto pos' se ve mal se traba y está grabada del cine #Shame.,Mon Jan 09 06:32:09 +0000 2017,es,N
8.18E+17,178056593,Llegan tiempos difíciles y lo único que me queda es afrontarlos y seguir adelante,Mon Jan 09 06:15:14 +0000 2017,es,NEU
8.18E+17,178056593,"@CocaHdz_ Ya se, pero no puedo evitarlo !!! En vdd que si haces eso, sería como mi mejor regalo #LaVdd",Mon Jan 09 06:41:51 +0000 2017,es,P
8.18E+17,101894386,Hay veces que uno se siente un extranjero hasta en su propio país,Mon Jan 09 06:38:18 +0000 2017,es,N
8.18E+17,196359724,"Ahora están tocando Arabella suena igualito a Alex Turner, seguro es Guajardo",Mon Jan 09 06:35:11 +0000 2017,es,NONE
8.18E+17,3004175213,"@yestermansux Oye vi una hiper padre en Morelia, no así pero muuuy chida. Costaba como $200. Si la quieres, me avisas.",Mon Jan 09 06:04:58 +0000 2017,es,P
8.18E+17,2210075767,@FerReyees19 @Abiel_Vasquez @ElPabloDeVerdad yo tenía pensado sacar la del fogo y una optativa de 2C para poder meter electromagnétismo,Mon Jan 09 06:04:38 +0000 2017,es,NEU
8.18E+17,920054383,@MartinCaligaris Es mí Martina Jajaja Regresaste a los saltos mortales!!! Eso es bueno Te quiero mucho! Beso de regreso muack muack,Mon Jan 09 06:57:12 +0000 2017,es,P
8.18E+17,438031133,Envenenaron al Bruno Ya lo atendió el veterinario pero tengo miedo de que no aguante.,Mon Jan 09 06:50:21 +0000 2017,es,N
8.18E+17,2355815538,@marthamedecigo ay no! y si con él si quiero arriesgarme? Es que necesito contarte amixxx,Mon Jan 09 05:01:50 +0000 2017,es,P
8.18E+17,73270441,"Para los que el día de mañana regresan a clases, que en este nuevo semestre cumplan todos sus objetivos y les sea muy exitoso! #ADarle",Mon Jan 09 05:00:43 +0000 2017,es,P
8.18E+17,247949099,"@IronGeen ñammm. Ya se me antojó una deliciosa cema, vamos por una",Mon Jan 09 13:50:42 +0000 2017,es,P
8.18E+17,137825295,"@Jhovanny920218 la vdd si, jaja pero yo me curo rápido de eso. Ya la perdone. Gracias!!",Sun Jan 08 23:40:52 +0000 2017,es,P
8.18E+17,366585960,Ah no verdad? Jajaj nadie entendió mi chiste que imbécil soy hahaha,Mon Jan 09 12:43:02 +0000 2017,es,N
8.18E+17,132593265,@CelopanYT @RoEnLaRed estando tan cerca pero tan lejos a 45min de distancia siendo exactos. Jajajaja,Mon Jan 09 10:23:10 +0000 2017,es,P
8.18E+17,857165839,"Otra noche... Buenos días, alguien sabe por cuantas mas pasare?!?!",Mon Jan 09 10:17:21 +0000 2017,es,NONE
8.18E+17,103176521,@Swimmer_IT sabíamos que su partida traería graves consecuencias.,Mon Jan 09 00:54:47 +0000 2017,es,N
8.18E+17,481824104,"@yarisflores punto a favor jijiji, la cosa es que hoy si hice de todo menos quedarme en camita",Sun Jan 08 07:30:02 +0000 2017,es,P
8.18E+17,195561039,"Aunque ya llegue y eso esta padre, la triste realidad es que sigo teniendo hambre.",Sun Jan 08 08:57:18 +0000 2017,es,N
8.18E+17,1537931900,@AleBaIe_ iba a ponerle lo mismo,Sun Jan 08 08:35:59 +0000 2017,es,NONE
8.18E+17,857165839,"Una vez mas... Mi pensamiento invade mi sueño... Se te extraña, ya quiero ser normal otra vez!!!",Sun Jan 08 10:48:01 +0000 2017,es,N
8.18E+17,210306410,Según uno de mis propósitos es leer más pero ya estamos a 8 de Enero y no he comprado ni un libro nuevo,Sun Jan 08 07:01:12 +0000 2017,es,N
8.18E+17,2157921492,Risitas estás ahí ??? ...bueno no importa sólo pasaba a desearte buenas noches @soyalannavarro ...descansa,Sun Jan 08 06:01:23 +0000 2017,es,P
8.16E+17,325871497,"@la_sol_soleil Hola Sol, hemos confirmado que la señal se transmitió correctamente en la región, por favor revisa con tu cableoperador",Mon Jan 02 02:18:29 +0000 2017,es,NONE
8.16E+17,325871497,"@Paulitm Paulina, confirmamos que la señal se transmitió correctamente en la región, por favor revisa con tu cableoperador",Mon Jan 02 02:18:11 +0000 2017,es,NONE
8.16E+17,7.85E+17,@CaELiKe Estuve contigo en la transmisión saludos hermosa quisiera poder vertw y darte un mega abrazo y un besote te quiero,Mon Jan 02 02:17:23 +0000 2017,es,N
8.16E+17,325871497,"@edo_diaz ¡Hola! Hemos confirmado que la señal se transmitió correctamente en la región, por favor revisa con tu cableoperador",Mon Jan 02 02:16:21 +0000 2017,es,NONE
8.16E+17,174839537,Mañana de nuevo a la realidad!! Amorsitooo muy buenas vacas de tu trabajo!! Excelente estar juntitos con Mati,Mon Jan 02 02:13:04 +0000 2017,es,P
8.16E+17,66178835,Por poquito y se comen a mi perrito,Mon Jan 02 03:42:14 +0000 2017,es,N
8.16E+17,256764551,Jueputaaaa extraño mi bici. Esta panza de camionero me va a matar,Mon Jan 02 03:37:41 +0000 2017,es,N
8.16E+17,7.61E+17,"@Ferchitomen11 checa con waze rutas alternas, xq el trafico viene rudo hasta la altura del parque chitla! Y gracias! Que llegues pronto",Mon Jan 02 03:37:12 +0000 2017,es,N
8.16E+17,927966883,A todos los artistas de tumblr les llegan preguntas o cumplidos sobre su arte y a mi me preguntan si soy lesbiana ... fucking great.,Mon Jan 02 03:49:28 +0000 2017,es,N
8.16E+17,156437013,@luixuz Yo también No te dí permiso de que te fueras y me dejaras sola con el bebé,Mon Jan 02 01:58:52 +0000 2017,es,N
8.16E+17,1392622800,Que triste que estas con alguien tan vacía,Mon Jan 02 03:57:40 +0000 2017,es,N
8.16E+17,58311851,"#s900 uy! Feliz primer lunes del 17! Un gustazo escucharlos en Querétaro frío, pero chido",Mon Jan 02 12:39:20 +0000 2017,es,P
8.16E+17,866977280,Denme una llenadera porque dicen que no tengo,Mon Jan 02 12:31:21 +0000 2017,es,NEU
8.16E+17,41893527,"Escuchan ""Now You're Gone"" de @VivandTheSect, uno de los mejores discos del 2016 #PropuestaMañanera",Mon Jan 02 13:43:31 +0000 2017,es,P
8.16E+17,50867409,@Germagnate ahahahahah buenos días joven! Feliz año!,Mon Jan 02 12:52:14 +0000 2017,es,P
8.16E+17,102889798,Mi mamá cumple años hoy. Y este es uno de los días más felices para mí La amo mucho.,Mon Jan 02 14:18:53 +0000 2017,es,P
8.16E+17,328676588,"Son 8:26 y yo ya me estoy visualizando en mi cama durmiendo, cuando salga de trabajar",Mon Jan 02 14:26:43 +0000 2017,es,P
8.16E+17,469033203,"Que no se pierda la bonita costumbre de empezar el año, la semana, el mes valiendo verga en el amor y en todo",Mon Jan 02 14:26:14 +0000 2017,es,N
8.16E+17,119766268,"@susana_tb Feliz 2017 Su y feliz vida... awww qué bonito pingü, muero de amor. Un abrazo muy grande",Mon Jan 02 14:52:44 +0000 2017,es,P
8.16E+17,15456467,"@ROSYARANGO dicen que cuidar a un recién nacido es trabajo en equipo, así que yo le cambio el pañal",Mon Jan 02 01:18:57 +0000 2017,es,P
8.16E+17,543817678,"En el mismo lugar, con distinta gente",Mon Jan 02 01:14:54 +0000 2017,es,NEU
8.16E+17,579458557,¿En dónde consigo unos buenos nachos de pastor hoy 1 de Enero?,Mon Jan 02 01:36:53 +0000 2017,es,NONE
8.16E+17,2296380908,Mi carro ya no suena feo wuuwu. Juro que ya no le haré más daño hahaha,Mon Jan 02 01:44:34 +0000 2017,es,NEU
8.16E+17,334461592,"@AxelMishael es una ciudad hermosa llena de cultura,con gente bella y comida deliciosa. Muero por volver! Disfrutá mucho",Mon Jan 02 01:54:48 +0000 2017,es,P
8.16E+17,116811145,@DraAChvez que mala pata ojalá te recuperes pronto! Feliz año!,Mon Jan 02 01:52:21 +0000 2017,es,P
8.16E+17,274836182,De verdad yo no creo estar tan delgada como dicen que estoy y menos despues de todo lo que he tragado este mes,Mon Jan 02 00:02:19 +0000 2017,es,N
8.16E+17,324170236,Mi amigo me va a odiar por dejarlo plantado Porque le dije que íbamos a ir a una peda y pues ya no me dieron chance,Mon Jan 02 02:57:25 +0000 2017,es,N
8.16E+17,250864666,"Empiezo el año como dije, bien dormida y muy enamorada",Mon Jan 02 05:02:29 +0000 2017,es,P
8.16E+17,1240322828,"@mariobautista_ Soy mala Bautister, no puse el 11:14",Mon Jan 02 05:20:11 +0000 2017,es,N
8.16E+17,53614794,"Primero quiero formar un equipo inicial: Lurantis, Primarina, Mimikyu, Salamence, Krookodile, Sylveon. Que mal que no está Mawile",Mon Jan 02 05:16:15 +0000 2017,es,N
8.16E+17,177633440,"@jair_mendieta me insultas noo, solo quiero verte",Mon Jan 02 05:15:55 +0000 2017,es,NEU
8.16E+17,78732457,"@AletzAGoGo @robblie lo odio!!!, nececito claridad",Mon Jan 02 05:12:42 +0000 2017,es,N
8.16E+17,88247575,@MarlenTrevino aaaa jaja tons si a de estar buena. La de 24hrs. está pasada de lanza. Saludos Marlen y feliz año,Mon Jan 02 05:10:32 +0000 2017,es,P
8.16E+17,2859491636,"@Liebehaeschen nop, este crush era nuevo y no había hablado de él aquí para no salarme era muy perfecto para mi peronirogarle",Mon Jan 02 05:42:45 +0000 2017,es,N
8.16E+17,628237004,"Dices que me.entiendes pero se que pasará lo mismo, te enfadaras y ya no me vas a hablar",Mon Jan 02 05:40:16 +0000 2017,es,N
8.16E+17,65499678,Según yo sólo vería los capítulos que me hacían falta y ya vi la mitad de la serie hahaha,Mon Jan 02 06:50:01 +0000 2017,es,NONE
8.16E+17,1883432329,"Ya me cayó mal estar de vacaciones porqué me duermo muy tarde, cuando mi hora para dormir es a las 9 o 10",Mon Jan 02 06:34:05 +0000 2017,es,N
8.16E+17,102812491,#este2017 la historia tiene que cambiar prometo hacer lo posible por tener novia este año,Mon Jan 02 05:52:50 +0000 2017,es,NEU
8.16E+17,496702164,Empece el año con una gripe bien perra y atascada estoy muriendo gggg ????????,Mon Jan 02 05:49:35 +0000 2017,es,N
8.16E+17,438031133,"@Arissima yyyy gracias, te vamos regalar una playera",Mon Jan 02 06:56:11 +0000 2017,es,P
8.16E+17,4294820953,Ya estuve sola antes y sé que todo estará bien.,Mon Jan 02 04:59:03 +0000 2017,es,P
8.16E+17,1009843813,Primera vez en 5 años que no te doy mis mejores Deseos,Mon Jan 02 04:57:51 +0000 2017,es,N
8.16E+17,1240322828,@mariobautista_ Daría todo por un disco tuyo autografiado,Mon Jan 02 10:28:53 +0000 2017,es,P
8.16E+17,354633062,Neta que mi novio se fue al santo a esta hora? Pa' esos novios mejor ando conmigo misma ya que soy bien antrera,Mon Jan 02 08:11:41 +0000 2017,es,N
8.16E+17,921936421,Y se acabó diciembre mi mes favorito,Mon Jan 02 08:04:44 +0000 2017,es,P
8.16E+17,289190391,"@HazzaLovesMe69 Que raro, desde hace rato que tengo los DMs desbloqueados ¿Pasó algo?",Mon Jan 02 08:04:44 +0000 2017,es,NONE
8.16E+17,921936421,Hoy todo el día estuve triste porque ya mero entro a la facu,Mon Jan 02 08:04:28 +0000 2017,es,N
8.16E+17,55370359,"Como no va a ser esencial lo bonito de la vida, su bella amistad.",Mon Jan 02 06:28:54 +0000 2017,es,P
8.16E+17,206771547,Como cuando sigo de vacaciones pero me tengo que desvelar por reportes de servicio social.,Mon Jan 02 06:12:31 +0000 2017,es,N
8.16E+17,242585247,le mande un mensaje a mi ibf por año nuevo y aun no me contesta jajaj,Mon Jan 02 07:13:16 +0000 2017,es,NEU
8.16E+17,1959818096,@DignaRabieta ustedes venían enfiestados uno ya tenía vv más de cinco horas pues qué pues,Mon Jan 02 08:51:40 +0000 2017,es,P
8.16E+17,40517515,"@pwoblematique la edad jajaja ntc, pues no sé, supongo es normal digamos q me pasó igual pero con los videojuegos encontré mi máximo",Mon Jan 02 07:49:51 +0000 2017,es,P
8.16E+17,242585247,"puras fotos lutteo en mi tl, basta me hacen extrañarlos",Mon Jan 02 07:01:37 +0000 2017,es,N
8.16E+17,150031546,Ya llegue a un punto de mi vida que mi enfermedad es más grande que mis ganas de beber! Perdón amigos les estoy fallando,Mon Jan 02 00:13:51 +0000 2017,es,N
8.16E+17,1915764073,Me da miedo venir a esta clase de lugares no vaya a ser que me tope a algún conocido,Mon Jan 02 00:15:21 +0000 2017,es,N
8.16E+17,796812296,15 días sin uno de esos abrazos mágicos,Mon Jan 02 00:37:13 +0000 2017,es,N
8.15E+17,620418731,"Hoy entre a sephora y los productos de benefit están bien caros, casi salgo llorando de ahí.",Sat Dec 31 03:29:15 +0000 2016,es,N
8.15E+17,7.94E+17,"Última clase de FMA del año Filipino Martial Arts @ Monterrey, Mexico",Sat Dec 31 03:23:47 +0000 2016,es,N
8.15E+17,546993730,"—¿Y la novia mijo? —El concepto de pareja es arcaico y reduccionista, pienso que la mujer debe tener libertad para pod —Nadie te pela —No",Sat Dec 31 03:47:02 +0000 2016,es,N
8.15E+17,305310902,@michicheel ay jajaja pero si estoy enamorada de apu,Sat Dec 31 02:51:46 +0000 2016,es,P
8.15E+17,255755882,"@ItzeelF18 ¡Con mucho gusto! De entrada, por aquí los mejores deseos para el año que ya llega.",Sat Dec 31 03:52:26 +0000 2016,es,P
8.15E+17,372068768,"@MarqoOrtiz Y ya que recomendaste Black Mirror, incluso la temp. 3 (tan criticada), la anoto entre los pendientes",Sat Dec 31 04:56:29 +0000 2016,es,P
8.15E+17,256764551,Es lo unico que me se de la cancion jajajaja que oso,Sat Dec 31 03:56:59 +0000 2016,es,NEU
8.14E+17,130731981,"O sea si, ya estoy mas cachetonq, pero hay fotos donde de plano me veo completamente con obesidad mórbida.",Thu Dec 29 13:48:30 +0000 2016,es,N
